customer_id,tenure_months,monthly_fee,total_usage_gb,support_tickets,contract_type,payment_method,region,autopay,avg_latency_ms,discount_percent,churn
100000,7,39.23,92.2,0,two_year,card,west,0,67.6,10,0
100002,48,52.18,69.23,3,month_to_month,cash,central,0,68.2,0,0
100003,32,32.88,80.3,0,month_to_month,card,south,0,74.7,0,1
100004,32,58.86,214.48,1,one_year,card,west,1,81.0,0,0
100005,62,48.95,,2,two_year,cash,east,1,71.4,15,0
100006,7,19.62,183.02,2,one_year,card,central,0,78.3,0,0
100007,51,18.62,162.59,0,month_to_month,cash,central,0,78.5,0,0
100009,7,44.69,24.63,0,month_to_month,bank_transfer,east,0,60.7,10,0
100010,38,46.45,187.89,1,month_to_month,card,south,1,107.0,0,0
100011,71,47.58,37.64,0,month_to_month,bank_transfer,central,1,27.4,0,0
100012,53,51.38,89.76,1,month_to_month,crypto,north,0,74.9,15,0
100015,57,30.42,117.66,1,one_year,card,north,1,43.6,5,0
100016,37,31.6,151.4,2,month_to_month,crypto,south,1,67.5,0,0
100017,10,52.33,149.68,3,month_to_month,bank_transfer,east,0,77.4,10,0
100018,61,66.67,105.91,0,one_year,card,west,0,106.8,0,0
100019,33,41.53,118.13,2,two_year,card,south,0,,5,0
100022,14,35.5,89.12,1,one_year,cash,central,1,102.2,0,0
100023,67,39.63,85.48,2,one_year,card,north,0,50.0,20,0
100024,57,41.87,100.06,2,one_year,cash,north,0,78.0,0,0
100025,47,48.58,166.23,0,month_to_month,card,central,1,79.8,0,0
100027,60,63.74,25.15,2,month_to_month,cash,north,1,147.4,10,0
100028,40,37.86,63.71,3,month_to_month,bank_transfer,south,1,,5,0
100029,32,35.07,50.58,3,month_to_month,,north,0,91.2,20,0
100030,33,55.18,243.08,0,month_to_month,crypto,south,1,60.8,10,0
100031,17,24.97,41.17,2,month_to_month,,central,0,93.2,5,0
100032,7,53.85,230.97,1,one_year,bank_transfer,east,1,101.8,10,0
100033,40,49.54,91.88,2,month_to_month,card,east,1,65.3,0,0
100035,5,71.82,316.13,1,month_to_month,card,north,1,57.6,30,0
100036,62,38.67,,1,month_to_month,cash,east,0,51.4,0,0
100038,20,44.62,164.57,1,month_to_month,bank_transfer,central,1,66.1,0,0
100039,46,28.84,166.79,1,month_to_month,cash,north,1,20.0,5,0
100041,55,31.86,45.19,1,month_to_month,cash,south,1,59.9,20,0
100042,51,36.72,72.59,3,month_to_month,card,north,1,73.8,0,0
100043,26,53.96,99.99,1,month_to_month,card,south,1,121.0,10,0
100044,5,56.33,40.25,2,one_year,bank_transfer,north,1,76.5,10,0
100045,70,38.67,113.59,0,two_year,card,east,1,75.9,0,0
100046,33,62.81,152.57,0,one_year,bank_transfer,south,1,49.3,10,0
100047,65,65.36,28.06,1,month_to_month,bank_transfer,south,1,39.1,10,0
100048,49,69.54,153.93,2,month_to_month,cash,south,1,75.8,15,1
100049,57,55.94,59.02,0,one_year,card,south,1,89.1,30,0
100050,55,68.45,233.62,1,month_to_month,card,south,1,87.6,0,0
100051,15,19.79,,1,two_year,card,north,1,68.0,0,0
100052,27,43.23,130.33,0,month_to_month,card,west,1,80.5,0,0
100054,36,49.79,339.43,0,month_to_month,card,west,1,91.5,5,0
100055,4,39.43,69.26,1,two_year,cash,east,1,84.0,20,0
100056,40,45.51,46.66,0,two_year,cash,south,0,129.3,5,0
100057,12,76.23,60.42,2,two_year,cash,north,1,80.2,10,0
100058,54,45.45,168.48,1,month_to_month,card,south,1,56.4,0,0
100059,50,54.21,98.84,0,one_year,bank_transfer,west,0,78.7,0,0
100060,67,44.52,90.14,1,month_to_month,card,central,0,71.8,15,0
100061,54,49.14,69.93,2,month_to_month,card,south,0,90.9,10,0
100062,27,48.09,87.27,2,one_year,card,east,0,80.7,0,0
100063,70,54.72,66.83,1,two_year,cash,east,0,48.5,20,0
100065,24,72.71,79.37,1,month_to_month,card,south,1,86.6,0,0
100066,66,52.64,61.17,1,month_to_month,bank_transfer,central,0,114.6,5,0
100067,27,56.84,160.46,0,month_to_month,cash,west,1,82.0,10,1
100068,6,30.74,47.71,2,month_to_month,card,north,1,100.3,0,0
100069,34,46.68,99.69,1,two_year,cash,south,1,105.3,15,0
100070,58,62.1,21.08,1,month_to_month,card,west,0,86.7,5,0
100071,14,60.99,34.71,0,one_year,card,south,1,59.6,5,0
100072,34,51.17,74.02,2,month_to_month,cash,central,0,84.9,20,0
100073,10,61.3,66.03,1,month_to_month,card,west,1,110.2,5,0
100074,50,55.36,65.96,3,month_to_month,bank_transfer,east,0,93.2,0,1
100075,35,66.0,145.38,2,month_to_month,card,east,1,98.7,0,0
100076,24,52.34,150.29,1,month_to_month,bank_transfer,central,0,68.4,0,0
100077,17,42.66,111.48,5,one_year,bank_transfer,south,1,74.9,0,0
100078,41,53.04,45.93,0,two_year,cash,south,1,77.0,0,0
100079,49,10.0,86.84,1,month_to_month,cash,north,1,78.7,10,0
100080,68,53.74,252.2,0,one_year,bank_transfer,south,1,109.2,0,0
100081,32,10.0,320.75,3,two_year,card,north,1,21.3,0,0
100082,12,22.15,161.35,2,month_to_month,card,south,0,80.8,5,0
100083,60,54.78,47.21,2,two_year,bank_transfer,west,1,78.0,0,0
100084,46,55.16,87.32,0,two_year,card,east,0,45.7,10,0
100085,51,30.56,107.15,0,one_year,card,north,0,96.8,10,0
100086,8,37.32,97.71,1,one_year,cash,north,1,61.9,0,0
100088,56,40.74,141.72,0,month_to_month,card,north,0,126.2,5,0
100089,60,81.64,45.43,0,one_year,cash,central,0,105.2,0,0
100090,32,47.97,62.16,1,two_year,bank_transfer,central,0,94.4,5,0
100092,61,72.25,201.33,0,one_year,card,west,0,,10,0
100093,28,49.97,107.95,0,month_to_month,card,south,1,130.0,5,0
100094,65,32.96,215.43,1,month_to_month,bank_transfer,east,1,,20,0
100096,18,47.47,51.16,1,one_year,bank_transfer,east,1,45.0,20,0
100097,50,27.53,134.38,2,one_year,card,west,0,94.2,15,0
100099,11,36.87,38.34,1,month_to_month,card,north,1,44.3,0,1
100100,60,61.87,210.87,0,two_year,card,central,0,90.7,0,0
100101,15,48.52,130.01,1,one_year,card,east,1,73.3,20,0
100102,58,43.76,59.72,3,one_year,bank_transfer,west,1,93.3,0,0
100104,58,51.35,14.88,3,month_to_month,card,east,0,64.8,5,0
100105,57,57.25,65.87,0,two_year,bank_transfer,south,0,95.8,5,0
100106,57,33.0,117.87,2,month_to_month,card,central,1,67.6,10,0
100107,48,32.38,154.31,0,month_to_month,,east,0,69.2,0,0
100108,34,64.57,174.9,1,one_year,cash,west,0,66.7,5,0
100109,51,41.81,111.77,1,one_year,bank_transfer,west,0,108.3,20,0
100110,20,26.75,101.67,0,two_year,bank_transfer,north,1,73.0,0,0
100111,57,54.66,75.59,0,one_year,card,north,1,114.3,20,0
100113,34,25.04,60.33,1,month_to_month,bank_transfer,central,1,61.5,0,0
100114,37,51.44,39.84,3,one_year,bank_transfer,central,1,20.0,5,0
100115,41,59.03,97.9,1,one_year,bank_transfer,west,1,106.1,0,0
100116,3,53.62,147.59,3,one_year,crypto,west,0,71.5,10,1
100117,11,57.48,33.82,1,month_to_month,card,south,1,58.3,30,0
100118,18,26.94,65.88,0,month_to_month,cash,south,1,65.3,20,0
100119,9,52.97,95.71,1,one_year,bank_transfer,south,1,69.6,20,0
100120,32,43.46,94.48,2,one_year,,central,0,112.4,0,0
100123,34,70.19,15.01,1,one_year,card,west,0,92.4,20,0
100124,62,74.92,254.43,1,month_to_month,bank_transfer,south,0,72.3,0,0
100125,41,67.72,241.96,2,one_year,bank_transfer,east,1,70.2,0,0
100126,6,46.35,155.78,2,one_year,card,central,0,94.0,0,1
100127,56,53.29,106.75,2,month_to_month,card,west,0,100.5,0,1
100128,42,59.5,61.13,2,month_to_month,bank_transfer,west,1,104.9,0,0
100129,46,49.82,154.69,1,month_to_month,card,south,0,73.5,0,0
100131,40,60.36,76.63,3,month_to_month,card,west,0,94.6,15,0
100132,7,47.11,152.39,1,month_to_month,crypto,west,0,70.4,0,0
100133,41,37.06,167.67,2,month_to_month,card,south,0,51.6,15,0
100135,22,57.51,56.67,1,one_year,bank_transfer,east,1,74.0,15,0
100136,44,48.04,185.92,0,month_to_month,card,north,1,96.6,0,0
100137,3,53.1,77.55,2,two_year,card,east,0,,5,0
100138,26,58.05,106.93,0,month_to_month,card,west,1,46.1,0,0
100139,32,42.38,119.62,1,month_to_month,bank_transfer,south,1,65.1,0,0
100140,71,59.34,177.38,3,month_to_month,bank_transfer,central,0,71.1,10,0
100141,16,53.68,143.47,2,one_year,card,south,1,99.9,15,0
100142,20,29.48,75.81,1,one_year,card,west,1,66.8,15,0
100144,72,40.49,127.11,1,one_year,cash,west,1,44.7,5,1
100145,62,23.17,104.27,0,one_year,card,north,0,92.1,15,0
100147,17,32.68,111.84,3,two_year,card,east,1,63.6,0,0
100148,60,48.78,94.96,2,one_year,bank_transfer,central,0,73.5,0,0
100149,5,43.89,199.33,1,month_to_month,cash,central,1,108.2,0,0
100153,22,52.74,100.31,0,month_to_month,bank_transfer,north,1,81.9,10,0
100154,32,54.15,55.3,0,two_year,card,central,0,96.7,15,0
100155,48,57.24,62.63,0,two_year,card,north,0,90.0,10,0
100156,10,16.38,88.3,2,one_year,card,south,1,79.1,0,0
100157,41,42.53,82.59,1,two_year,card,east,1,71.3,20,0
100158,37,15.3,36.35,0,month_to_month,cash,north,1,100.8,10,0
100159,57,48.54,200.51,3,one_year,bank_transfer,north,1,,5,0
100162,30,65.81,220.67,0,month_to_month,bank_transfer,east,0,112.6,10,1
100163,30,51.04,307.44,3,one_year,card,west,1,71.1,10,0
100164,31,40.49,56.02,2,month_to_month,card,central,1,61.1,15,0
100165,59,55.28,300.01,2,month_to_month,bank_transfer,south,1,75.8,20,0
100167,13,47.98,138.41,2,month_to_month,card,south,0,93.5,10,1
100168,25,62.79,29.87,1,month_to_month,card,north,0,73.6,30,0
100169,2,39.63,69.32,1,two_year,card,central,1,100.9,20,0
100170,8,60.09,168.0,1,one_year,bank_transfer,central,1,83.5,0,0
100171,7,58.16,142.31,1,one_year,bank_transfer,east,1,65.7,10,0
100172,56,33.68,74.56,2,month_to_month,crypto,south,1,62.3,0,0
100173,53,62.61,100.28,3,month_to_month,card,central,0,90.3,0,0
100174,51,58.48,64.55,1,month_to_month,bank_transfer,north,0,77.9,0,0
100175,34,49.53,167.73,2,two_year,cash,west,0,45.6,5,0
100176,52,36.57,208.12,1,two_year,bank_transfer,south,0,101.2,0,0
100177,12,35.11,56.2,1,month_to_month,cash,west,1,68.0,0,0
100178,65,39.94,94.09,1,two_year,crypto,central,0,119.8,0,0
100179,37,56.14,35.24,1,month_to_month,cash,central,0,44.9,10,0
100180,68,33.67,109.82,4,month_to_month,crypto,south,1,75.5,20,0
100181,11,54.56,129.98,1,one_year,bank_transfer,east,1,62.5,30,0
100182,36,29.37,115.27,0,month_to_month,card,west,0,55.6,5,0
100183,51,44.94,124.01,1,two_year,cash,south,0,67.8,0,0
100184,36,49.64,87.96,1,month_to_month,,north,1,124.3,20,0
100185,33,84.68,89.28,1,one_year,card,south,0,83.6,0,0
100188,18,50.25,73.57,0,month_to_month,cash,central,1,37.0,5,0
100190,50,49.78,200.63,3,one_year,card,east,0,64.2,0,0
100191,46,54.67,49.47,1,one_year,,central,1,74.4,5,0
100192,44,45.69,89.07,2,month_to_month,card,south,1,23.2,0,0
100193,27,69.81,42.22,0,month_to_month,cash,west,0,77.7,15,0
100194,70,41.15,68.75,5,month_to_month,card,west,1,105.7,10,0
100195,7,64.98,76.42,1,one_year,card,south,1,120.6,5,0
100196,25,38.33,105.19,0,month_to_month,card,central,0,32.6,0,0
100198,25,31.92,93.57,1,one_year,bank_transfer,south,0,58.6,0,0
100199,70,54.83,120.49,3,one_year,card,west,1,83.6,10,0
100203,51,31.28,52.41,0,one_year,bank_transfer,south,1,76.9,0,0
100204,33,44.56,25.37,0,month_to_month,card,north,0,119.8,15,0
100208,19,67.79,142.29,0,two_year,cash,west,0,,20,0
100209,57,90.14,50.56,2,month_to_month,cash,north,1,64.7,0,0
100210,19,39.2,160.43,1,month_to_month,bank_transfer,south,1,134.7,0,0
100211,52,69.53,60.25,1,month_to_month,bank_transfer,west,1,95.8,15,0
100212,57,51.66,55.31,1,one_year,card,central,1,86.9,0,0
100213,33,45.73,42.37,1,month_to_month,card,north,1,55.6,15,0
100214,54,54.49,,0,one_year,card,south,1,102.8,0,0
100215,20,48.93,131.37,0,month_to_month,bank_transfer,south,0,46.1,0,0
100217,7,41.88,167.35,4,one_year,card,east,1,66.0,15,0
100218,33,27.03,95.91,2,one_year,cash,south,1,128.9,15,0
100220,10,57.8,54.15,0,one_year,cash,south,0,68.7,0,0
100221,33,43.85,181.47,0,one_year,,west,0,63.1,0,0
100222,51,39.06,145.35,0,month_to_month,card,west,0,39.0,0,0
100223,15,48.13,143.01,1,two_year,card,north,1,82.0,10,0
100224,52,59.92,84.85,2,one_year,card,central,1,84.1,0,0
100226,59,38.16,104.34,2,two_year,card,south,1,102.8,0,0
100227,42,66.39,128.15,2,month_to_month,bank_transfer,east,0,75.1,10,0
100228,40,71.69,128.9,2,one_year,card,central,1,93.9,10,0
100231,62,66.63,60.05,3,one_year,card,west,1,67.3,30,0
100232,2,64.95,62.04,1,month_to_month,card,east,1,91.5,5,1
100233,55,57.21,42.67,0,month_to_month,card,south,0,89.5,20,0
100234,36,56.98,168.45,0,month_to_month,bank_transfer,south,0,81.7,10,0
100235,52,55.79,257.52,1,one_year,bank_transfer,central,1,99.9,0,0
100236,48,31.54,395.97,1,one_year,cash,south,1,40.7,15,0
100237,32,58.51,108.69,2,month_to_month,bank_transfer,north,1,53.4,10,0
100238,23,27.66,,3,month_to_month,card,central,1,73.2,10,0
100239,46,36.08,86.97,0,one_year,card,north,0,43.9,0,0
100240,11,67.55,107.68,0,month_to_month,card,east,1,69.8,5,0
100242,7,70.31,85.88,1,month_to_month,card,west,0,,0,0
100243,47,43.92,55.62,3,two_year,card,north,1,83.6,0,0
100244,46,30.72,79.07,3,month_to_month,crypto,east,0,105.7,0,0
100245,7,44.39,58.84,2,one_year,card,south,0,87.5,5,0
100247,30,49.18,137.59,1,month_to_month,cash,west,1,,10,0
100248,57,65.01,114.17,2,two_year,card,east,0,98.2,20,0
100249,3,42.58,,1,month_to_month,card,south,1,109.8,5,0
100250,13,53.28,40.56,0,month_to_month,card,south,1,76.7,0,1
100251,36,33.17,138.48,2,month_to_month,card,east,0,38.8,0,0
100254,48,36.75,103.83,2,one_year,card,west,1,21.6,0,0
100255,11,44.46,116.78,1,one_year,card,west,1,124.9,0,0
100256,49,45.24,,4,month_to_month,card,central,1,94.9,20,0
100257,8,43.95,129.49,1,two_year,bank_transfer,north,1,64.1,10,0
100258,13,74.57,34.95,2,month_to_month,card,north,1,52.3,0,0
100259,43,46.52,57.8,0,month_to_month,card,south,0,105.7,10,0
100260,58,44.34,35.12,0,two_year,bank_transfer,north,1,52.2,5,0
100261,13,16.54,53.8,0,month_to_month,cash,north,0,54.5,20,0
100263,67,44.05,167.85,4,month_to_month,cash,central,0,82.9,0,0
100264,72,37.71,82.02,2,month_to_month,card,south,0,95.5,0,0
100265,42,68.73,71.41,3,one_year,bank_transfer,north,0,109.8,0,0
100266,33,45.53,176.88,3,month_to_month,,south,1,106.1,10,1
100267,25,67.33,171.76,0,two_year,card,north,1,80.0,5,0
100268,45,48.93,75.08,1,month_to_month,card,north,0,105.5,10,0
100270,22,46.67,65.37,1,one_year,crypto,west,1,34.5,0,0
100271,2,48.06,89.86,2,one_year,cash,north,0,63.2,0,0
100272,11,73.78,46.15,0,month_to_month,cash,central,0,59.8,0,1
100273,70,13.21,122.6,3,one_year,,west,1,,0,0
100274,31,17.98,180.82,1,one_year,cash,east,0,56.0,5,0
100275,35,39.85,,2,two_year,card,south,0,,20,0
100277,57,58.35,22.63,0,month_to_month,bank_transfer,north,1,122.9,10,0
100278,5,55.1,63.42,0,one_year,bank_transfer,south,1,36.9,0,1
100280,20,63.29,37.07,0,month_to_month,card,east,1,60.2,0,0
100281,36,63.45,32.49,1,two_year,card,central,0,99.1,10,0
100282,49,50.76,208.96,4,month_to_month,card,south,1,74.9,0,0
100284,32,52.09,128.13,0,one_year,cash,central,0,97.9,5,0
100285,68,39.58,142.44,3,month_to_month,card,central,0,103.9,0,0
100286,12,58.47,41.77,1,month_to_month,card,west,1,79.5,5,0
100287,42,49.66,52.59,1,month_to_month,card,west,1,59.6,0,0
100289,35,70.09,113.95,0,month_to_month,cash,central,1,74.2,0,0
100290,59,11.24,35.49,2,one_year,card,south,1,74.0,5,0
100291,20,26.73,104.36,1,month_to_month,card,north,1,67.2,20,0
100292,69,30.19,90.8,0,month_to_month,cash,south,1,103.1,10,0
100294,40,44.18,114.28,0,month_to_month,card,west,1,105.9,5,0
100296,62,33.22,75.35,2,month_to_month,crypto,east,1,91.5,5,0
100297,32,35.09,43.79,2,month_to_month,bank_transfer,south,1,67.3,5,0
100298,21,84.86,219.1,1,month_to_month,card,north,1,106.0,15,0
100299,2,75.03,117.79,1,month_to_month,card,west,0,91.6,15,1
100300,27,41.82,91.13,2,two_year,card,north,0,145.1,0,0
100301,60,42.55,53.93,1,two_year,card,north,0,87.8,0,0
100302,1,30.76,75.9,4,two_year,card,west,1,97.4,0,1
100303,65,19.38,,3,month_to_month,card,central,1,,5,0
100304,40,46.25,42.43,0,one_year,card,central,1,77.5,0,0
100305,11,33.03,17.22,1,one_year,card,east,0,73.5,10,0
100306,22,46.73,72.3,3,month_to_month,card,north,0,87.4,5,0
100307,40,24.0,144.52,0,two_year,card,south,0,93.0,20,0
100308,23,36.57,189.51,1,one_year,cash,south,1,108.9,0,0
100309,8,50.23,163.7,0,month_to_month,,west,1,87.7,0,0
100310,48,53.49,169.1,0,two_year,cash,east,0,68.4,0,0
100311,49,54.26,46.03,1,month_to_month,cash,south,1,71.8,10,0
100312,9,28.19,110.1,1,month_to_month,cash,south,0,46.9,0,0
100313,21,60.82,128.71,0,month_to_month,card,east,0,121.5,0,1
100314,18,36.0,133.47,0,month_to_month,card,north,1,66.5,0,0
100316,53,47.84,102.27,0,one_year,card,south,0,86.9,20,0
100318,68,43.26,126.04,2,one_year,card,central,1,77.1,0,0
100319,56,53.48,139.63,1,two_year,bank_transfer,central,1,60.3,5,0
100320,24,57.19,70.19,1,two_year,cash,west,0,55.8,0,0
100321,8,45.89,,0,two_year,card,west,1,123.2,30,0
100322,45,70.98,101.46,2,two_year,cash,central,1,82.8,5,0
100323,66,63.11,151.87,2,one_year,bank_transfer,north,1,108.1,10,0
100324,71,44.15,60.04,1,month_to_month,card,east,1,114.6,20,0
100325,17,59.25,,1,two_year,card,east,0,69.7,10,0
100326,18,77.01,76.55,0,month_to_month,card,east,1,90.6,0,0
100327,3,77.41,145.3,1,month_to_month,cash,west,1,,10,0
100328,11,29.58,,1,month_to_month,bank_transfer,south,1,,0,0
100329,40,34.1,97.05,0,month_to_month,bank_transfer,west,1,75.4,5,0
100331,27,32.13,91.37,1,two_year,card,south,1,67.5,0,0
100332,23,28.16,72.41,1,month_to_month,cash,east,1,71.9,5,0
100333,60,40.71,78.16,2,one_year,cash,south,1,75.7,0,0
100334,34,54.3,124.09,3,month_to_month,bank_transfer,east,0,,0,0
100335,59,46.46,27.78,4,one_year,card,west,1,34.1,10,0
100336,70,38.24,,2,month_to_month,card,west,0,92.5,15,0
100338,15,37.31,80.67,1,one_year,card,central,0,64.0,0,0
100339,69,34.81,103.86,3,month_to_month,bank_transfer,east,1,73.1,0,0
100340,46,82.22,50.12,1,month_to_month,bank_transfer,north,1,96.7,5,1
100341,21,52.46,119.48,1,month_to_month,cash,north,0,98.1,5,0
100342,45,61.3,54.44,1,month_to_month,card,west,0,84.7,15,0
100344,66,45.21,185.44,0,month_to_month,card,east,0,111.7,20,0
100346,72,10.0,90.17,2,two_year,bank_transfer,east,1,66.3,0,0
100347,68,27.33,106.2,0,one_year,card,east,0,92.4,10,0
100348,14,20.84,123.94,1,month_to_month,bank_transfer,west,1,92.5,10,0
100349,12,14.25,95.06,1,one_year,bank_transfer,central,0,59.6,30,0
100350,39,30.07,111.75,1,month_to_month,card,south,0,40.8,5,0
100351,4,67.87,79.5,1,month_to_month,card,south,0,29.4,10,0
100352,22,47.33,31.8,2,one_year,card,south,0,81.7,0,0
100353,32,67.36,92.86,1,month_to_month,card,west,0,,10,1
100354,70,54.16,133.82,2,month_to_month,bank_transfer,central,1,50.5,20,0
100355,72,59.74,48.33,3,two_year,card,south,1,106.2,20,0
100356,11,34.49,106.85,1,one_year,bank_transfer,north,0,83.8,0,0
100357,65,55.86,247.12,2,two_year,bank_transfer,west,1,113.7,0,0
100358,7,58.93,89.2,1,two_year,card,north,0,89.3,15,1
100359,54,39.35,92.0,0,month_to_month,,north,1,53.3,10,0
100360,61,56.39,29.84,2,one_year,card,central,1,91.5,20,0
100361,65,56.49,44.43,3,month_to_month,bank_transfer,south,1,96.8,0,0
100362,17,39.76,54.84,2,one_year,card,central,1,66.3,15,0
100363,65,31.16,130.83,0,month_to_month,bank_transfer,south,1,43.9,10,0
100364,9,30.24,50.62,0,month_to_month,card,north,1,82.5,0,0
100365,38,49.3,22.32,0,month_to_month,card,south,0,55.0,0,0
100366,34,52.91,118.04,1,one_year,card,east,0,108.0,10,0
100367,23,36.11,58.22,1,month_to_month,bank_transfer,east,0,69.8,0,0
100368,2,48.4,30.74,0,one_year,bank_transfer,central,1,123.1,15,0
100369,56,56.56,140.05,1,two_year,bank_transfer,central,1,26.9,5,0
100370,25,57.27,73.91,1,one_year,card,north,0,83.4,5,0
100371,48,71.28,124.47,0,month_to_month,bank_transfer,south,1,115.7,0,0
100372,30,67.15,29.93,0,month_to_month,bank_transfer,west,1,57.7,30,0
100373,27,32.98,,1,two_year,card,central,0,,10,0
100374,64,73.25,100.93,1,one_year,card,central,1,69.9,15,0
100375,7,40.04,43.32,2,month_to_month,card,east,0,62.9,15,0
100376,54,63.67,100.07,1,two_year,cash,west,1,86.1,10,0
100377,54,49.02,101.36,2,month_to_month,card,west,1,,20,0
100380,1,45.43,364.3,2,month_to_month,cash,south,0,74.6,0,1
100381,68,24.61,116.84,1,month_to_month,card,south,0,55.0,0,0
100382,69,62.51,246.98,2,one_year,,south,1,105.8,10,0
100383,18,70.75,75.17,0,month_to_month,card,south,0,98.3,0,0
100386,5,37.12,78.02,1,two_year,,central,0,56.2,5,0
100388,65,59.62,97.04,1,one_year,card,central,0,86.9,10,0
100389,12,47.42,171.89,0,month_to_month,cash,south,1,99.8,0,0
100390,54,74.09,71.26,2,one_year,card,south,0,71.8,15,0
100393,44,49.46,254.01,0,month_to_month,card,south,1,66.2,5,0
100394,52,59.94,204.29,0,one_year,cash,west,1,84.7,5,0
100395,63,41.29,107.5,3,month_to_month,cash,east,1,41.3,0,0
100396,4,47.26,80.91,1,month_to_month,card,east,1,65.8,0,1
100398,21,35.46,36.54,1,month_to_month,card,central,0,62.1,20,0
100399,23,57.93,124.33,3,one_year,card,west,0,100.4,0,0
100404,36,42.38,36.72,1,two_year,bank_transfer,west,1,50.8,15,0
100405,37,53.6,,1,month_to_month,card,south,0,96.8,0,0
100407,11,48.35,67.62,1,one_year,card,south,0,62.0,0,0
100408,68,39.0,160.87,1,month_to_month,card,central,0,70.7,5,0
100409,2,72.3,152.76,3,month_to_month,bank_transfer,east,1,83.5,0,0
100410,13,53.46,141.8,0,month_to_month,card,east,1,,10,0
100411,17,44.73,98.54,0,one_year,cash,north,0,68.6,20,0
100412,21,65.9,39.77,2,month_to_month,cash,east,1,111.9,0,0
100413,10,15.44,78.12,2,one_year,card,north,1,93.1,30,0
100414,2,17.79,202.28,0,one_year,cash,east,1,76.1,0,0
100415,49,59.94,163.24,1,one_year,cash,east,0,82.8,5,0
100416,70,48.91,80.72,2,month_to_month,card,central,1,94.5,10,0
100417,9,51.76,80.09,2,one_year,cash,north,1,99.3,0,0
100419,37,47.65,102.87,2,month_to_month,bank_transfer,east,0,118.4,0,0
100420,67,78.05,83.35,1,month_to_month,card,north,1,112.9,10,0
100421,50,60.36,128.14,1,month_to_month,cash,east,1,96.9,0,0
100422,56,50.55,125.67,1,two_year,cash,south,1,58.9,20,0
100423,42,41.41,61.95,0,month_to_month,crypto,central,1,54.5,0,0
100424,31,42.08,115.24,0,month_to_month,crypto,west,1,71.8,20,0
100425,15,16.06,121.25,0,month_to_month,card,east,1,81.5,0,0
100426,63,51.86,94.05,0,month_to_month,bank_transfer,north,1,35.8,10,0
100427,58,60.68,57.63,2,month_to_month,card,west,0,92.4,0,0
100428,2,24.37,76.6,1,one_year,card,east,1,112.2,0,0
100429,52,38.08,49.99,0,month_to_month,card,west,1,94.4,0,0
100430,7,30.64,117.09,0,one_year,cash,central,0,63.1,10,0
100431,54,33.52,30.07,2,month_to_month,bank_transfer,central,1,60.1,0,0
100432,60,48.8,214.02,2,month_to_month,card,central,0,87.5,10,0
100433,10,16.73,189.74,0,one_year,crypto,south,1,76.2,30,0
100434,32,57.21,122.94,0,one_year,cash,east,1,91.1,0,0
100435,9,59.31,,3,two_year,card,west,1,95.0,0,0
100436,41,44.23,151.86,3,month_to_month,card,west,1,107.3,0,0
100438,6,33.05,84.8,0,one_year,bank_transfer,east,1,85.5,5,0
100439,29,66.49,78.92,2,month_to_month,card,north,1,70.9,10,0
100440,71,10.0,218.45,1,one_year,card,central,1,77.5,0,0
100442,10,30.3,57.0,0,month_to_month,card,central,1,104.3,10,0
100443,36,60.07,165.77,2,one_year,card,east,1,115.0,0,0
100444,37,37.87,156.96,0,one_year,card,south,1,90.6,10,0
100445,48,54.06,81.76,0,two_year,card,east,0,,20,0
100446,23,56.48,130.65,0,two_year,bank_transfer,central,0,73.7,0,0
100447,69,75.54,140.66,0,month_to_month,card,west,1,,5,0
100448,38,44.96,38.38,0,one_year,card,east,0,113.5,15,0
100449,21,53.64,196.63,3,two_year,card,west,1,72.0,10,0
100450,70,25.72,140.63,2,month_to_month,cash,east,1,92.6,15,0
100451,67,65.86,124.28,1,month_to_month,card,north,0,97.0,15,0
100453,2,39.59,115.67,1,month_to_month,card,east,1,56.9,5,0
100454,43,47.67,,3,two_year,bank_transfer,central,0,118.7,10,0
100456,11,51.43,104.38,3,two_year,card,east,1,65.5,10,0
100457,46,62.51,35.86,2,one_year,cash,central,1,76.8,0,0
100458,61,52.39,266.89,0,one_year,bank_transfer,central,0,107.2,15,0
100460,53,46.14,264.34,0,month_to_month,card,east,0,43.3,0,0
100461,11,59.13,105.44,2,one_year,cash,west,1,120.9,0,0
100462,54,19.83,65.43,1,two_year,cash,south,0,104.2,0,0
100464,1,61.15,,1,two_year,bank_transfer,south,0,50.2,0,1
100465,70,52.05,320.59,0,one_year,cash,south,0,106.4,10,0
100467,43,75.89,198.03,1,one_year,card,south,1,43.6,0,0
100468,14,55.03,203.94,4,one_year,crypto,south,1,,0,0
100470,54,88.66,204.9,2,month_to_month,bank_transfer,west,1,80.4,10,0
100471,58,44.79,91.13,1,month_to_month,card,south,1,61.5,0,0
100473,34,54.42,69.27,1,month_to_month,cash,central,0,124.3,0,1
100475,57,40.1,151.76,1,month_to_month,card,north,0,115.2,0,0
100476,61,32.51,58.71,2,one_year,,north,1,86.2,30,0
100477,2,82.65,78.96,0,two_year,card,south,0,111.4,0,0
100478,48,52.9,61.86,2,one_year,card,south,1,58.8,0,0
100479,8,37.02,167.3,0,two_year,bank_transfer,west,1,84.1,20,0
100480,21,61.74,263.17,0,two_year,bank_transfer,south,1,87.2,10,0
100481,60,46.36,49.78,2,month_to_month,card,east,1,114.6,5,0
100482,19,44.21,134.23,1,month_to_month,card,east,0,88.0,10,0
100483,58,56.43,179.26,1,month_to_month,card,west,0,64.4,20,0
100485,17,53.29,37.29,0,one_year,cash,north,0,38.1,0,0
100486,25,76.69,192.44,2,month_to_month,bank_transfer,east,0,22.0,20,0
100487,39,54.99,35.6,3,two_year,bank_transfer,central,0,100.8,15,0
100489,44,40.39,61.01,0,month_to_month,card,south,1,73.5,0,0
100490,68,41.84,31.8,0,two_year,cash,west,1,100.8,20,0
100491,63,44.19,72.62,0,two_year,card,west,0,114.9,0,0
100493,44,61.74,108.79,2,one_year,card,north,1,128.2,20,0
100494,21,22.0,,2,two_year,bank_transfer,east,1,,0,0
100495,30,60.93,114.67,2,one_year,card,central,0,87.6,0,0
100496,9,42.3,251.19,1,two_year,card,south,1,86.0,10,0
100497,27,53.65,93.58,4,month_to_month,bank_transfer,west,1,47.9,15,0
100498,67,31.1,118.28,2,one_year,,west,0,103.9,0,0
100499,31,67.93,112.5,2,month_to_month,card,west,1,20.0,20,0
100500,9,66.68,28.97,2,month_to_month,cash,central,1,65.3,0,0
100501,47,62.39,43.5,0,month_to_month,crypto,central,1,80.6,0,0
100503,63,60.44,126.79,1,month_to_month,card,east,1,68.7,20,0
100504,20,54.07,20.72,0,month_to_month,card,central,1,126.0,0,1
100505,33,23.92,257.67,0,month_to_month,card,south,0,107.6,10,0
100506,39,47.64,132.78,0,one_year,,west,0,62.9,0,0
100507,18,53.47,97.96,2,one_year,,south,1,68.3,20,0
100511,54,70.1,119.96,1,month_to_month,card,west,1,30.8,0,0
100512,61,66.39,193.72,2,month_to_month,cash,south,1,82.5,0,0
100513,59,10.0,88.53,1,month_to_month,card,central,1,91.0,15,0
100514,70,43.24,36.32,0,two_year,card,east,0,104.1,5,0
100515,8,45.53,55.08,2,two_year,cash,east,1,78.2,5,0
100516,64,21.72,84.18,2,one_year,card,west,0,70.7,10,0
100517,5,49.41,39.31,1,one_year,card,central,1,129.7,5,0
100518,35,66.73,51.09,0,month_to_month,card,central,0,80.2,0,1
100519,43,31.7,55.43,0,one_year,card,east,1,,0,0
100521,11,34.26,131.78,0,month_to_month,card,east,0,97.2,10,0
100522,14,37.92,78.32,2,two_year,card,north,1,,0,0
100523,60,70.16,136.97,1,two_year,card,east,1,68.4,5,0
100525,23,54.93,52.28,0,month_to_month,cash,west,0,64.9,10,0
100526,67,19.93,121.14,1,month_to_month,bank_transfer,north,0,111.3,0,0
100527,11,75.93,,1,month_to_month,bank_transfer,east,1,64.7,5,0
100528,66,57.04,139.06,5,month_to_month,cash,central,1,98.0,0,0
100529,67,45.26,155.7,1,one_year,card,east,1,117.9,0,0
100530,44,56.63,197.17,2,month_to_month,card,east,0,79.3,0,1
100531,12,26.85,134.34,0,month_to_month,card,north,1,104.8,5,0
100532,12,65.74,,1,month_to_month,card,central,1,93.3,15,0
100533,21,43.14,139.43,1,one_year,crypto,west,0,82.9,0,0
100534,42,44.94,73.51,2,month_to_month,card,central,1,98.8,10,0
100535,12,40.63,70.08,0,month_to_month,cash,south,0,126.0,10,0
100536,33,39.29,212.36,2,one_year,card,central,1,64.1,5,0
100537,9,58.42,68.77,2,one_year,card,south,0,56.0,10,0
100538,39,51.84,56.38,3,month_to_month,card,west,1,54.6,0,0
100539,2,57.78,134.3,1,one_year,card,south,0,104.9,10,0
100541,4,55.7,154.8,3,one_year,bank_transfer,north,1,66.6,15,0
100542,15,41.72,189.04,1,month_to_month,card,central,1,26.6,0,0
100543,13,81.45,61.68,3,two_year,cash,south,0,63.1,10,1
100544,60,24.48,143.69,2,two_year,cash,central,1,93.7,0,0
100545,4,66.91,67.72,3,one_year,card,north,1,78.3,5,0
100546,31,68.52,85.3,1,two_year,crypto,central,0,84.5,0,1
100547,43,35.22,117.91,0,month_to_month,card,north,1,66.9,0,0
100548,38,81.44,70.18,1,one_year,card,central,1,105.4,10,0
100549,50,62.93,111.75,2,month_to_month,card,west,1,,20,0
100551,29,48.42,156.79,2,month_to_month,card,west,1,84.0,5,0
100552,60,44.74,157.02,0,one_year,bank_transfer,east,1,93.1,10,0
100553,23,44.86,70.4,2,one_year,cash,south,1,91.5,20,0
100554,71,53.86,119.48,1,two_year,card,central,1,56.8,10,0
100555,37,69.02,170.56,1,one_year,cash,west,0,89.3,0,0
100557,64,34.33,89.32,0,two_year,card,south,1,108.9,10,0
100558,58,60.37,116.46,1,one_year,card,north,1,90.4,0,0
100559,62,61.82,49.06,2,month_to_month,card,north,0,55.9,20,0
100560,39,57.82,75.74,1,month_to_month,card,north,1,59.7,20,0
100561,4,59.18,236.64,0,one_year,,west,0,69.1,20,0
100566,17,51.55,45.07,3,month_to_month,cash,central,1,27.5,0,0
100567,18,46.75,90.51,2,one_year,card,south,1,20.0,0,0
100568,47,41.4,56.75,1,month_to_month,bank_transfer,north,1,76.7,0,0
100569,42,10.0,111.62,5,month_to_month,card,south,0,138.0,30,0
100570,69,29.29,,1,one_year,bank_transfer,central,1,124.9,15,0
100571,30,64.81,102.72,2,month_to_month,card,central,0,55.5,0,0
100572,21,38.03,118.34,1,month_to_month,card,central,1,83.7,5,0
100573,4,53.41,76.97,0,one_year,crypto,west,1,43.4,0,0
100574,1,27.14,79.99,1,month_to_month,bank_transfer,south,1,47.2,0,0
100575,27,69.58,,0,two_year,bank_transfer,north,0,50.1,0,0
100576,67,45.84,89.79,0,one_year,card,east,1,,10,0
100578,65,82.89,159.56,1,month_to_month,card,north,0,86.3,15,0
100579,8,70.75,89.74,1,one_year,card,central,1,96.6,20,0
100580,7,43.4,75.76,1,one_year,card,north,1,71.6,0,0
100581,61,39.1,151.17,1,one_year,card,east,1,80.9,10,0
100582,8,43.12,,1,month_to_month,card,east,0,52.7,0,0
100583,4,55.65,48.24,1,month_to_month,bank_transfer,north,1,,0,0
100584,30,46.42,83.53,1,month_to_month,card,east,0,42.5,5,0
100585,67,42.07,201.35,2,one_year,cash,east,0,96.2,0,0
100587,8,46.29,76.28,0,month_to_month,card,south,1,33.2,0,0
100588,61,82.49,34.51,3,one_year,bank_transfer,north,0,78.4,0,0
100589,61,49.36,111.3,0,one_year,card,central,0,48.8,20,0
100590,58,74.78,,1,one_year,cash,central,0,121.5,0,0
100591,65,53.36,88.06,2,month_to_month,card,central,1,65.5,5,0
100593,71,37.13,131.36,0,one_year,card,north,0,107.2,5,0
100594,24,35.19,35.37,1,one_year,cash,north,0,56.1,0,0
100595,58,54.9,98.66,1,one_year,card,east,1,81.9,20,0
100596,42,62.83,41.86,1,one_year,cash,north,0,93.8,0,0
100597,57,48.6,71.89,2,month_to_month,card,west,0,82.9,0,0
100598,46,28.7,39.7,1,two_year,bank_transfer,central,0,89.0,5,0
100599,47,27.6,40.71,1,month_to_month,card,north,0,46.8,5,0
100601,57,21.49,112.52,2,two_year,card,south,1,67.8,0,0
100602,54,49.64,94.34,0,one_year,card,central,1,88.7,10,0
100603,10,64.88,68.03,2,one_year,bank_transfer,north,1,103.0,10,0
100604,60,47.8,37.67,3,month_to_month,bank_transfer,east,0,96.7,30,0
100605,39,14.09,72.1,0,month_to_month,card,west,1,88.7,0,0
100606,24,45.14,112.81,0,one_year,card,south,0,,0,0
100607,38,45.56,111.32,1,month_to_month,card,west,0,97.2,20,0
100609,62,26.14,183.28,0,two_year,bank_transfer,east,0,79.1,0,0
100610,61,42.14,96.58,1,month_to_month,cash,west,0,84.1,0,0
100611,34,73.59,71.63,1,month_to_month,cash,central,1,103.3,15,0
100613,28,56.45,,0,one_year,card,south,1,46.6,5,0
100614,50,49.72,45.04,0,month_to_month,cash,east,0,92.3,20,0
100615,47,52.95,,2,one_year,card,west,1,74.8,0,1
100616,18,59.66,136.55,0,month_to_month,card,central,1,49.8,0,0
100617,20,35.86,80.74,1,month_to_month,card,north,0,92.5,10,0
100618,5,61.17,314.59,2,month_to_month,bank_transfer,north,1,115.8,20,0
100619,11,27.4,45.34,1,month_to_month,bank_transfer,east,0,39.3,0,0
100620,32,52.93,31.26,2,one_year,crypto,west,1,105.6,10,0
100621,35,50.68,311.54,2,month_to_month,card,west,0,20.0,0,0
100622,12,38.76,,2,month_to_month,card,east,1,70.0,0,1
100624,44,38.66,60.84,1,month_to_month,bank_transfer,south,0,71.8,0,0
100625,17,31.92,117.79,2,month_to_month,card,east,1,82.2,0,1
100626,25,42.7,76.41,0,month_to_month,cash,central,1,99.1,15,0
100628,37,52.84,153.87,1,month_to_month,bank_transfer,north,1,81.8,0,0
100629,27,30.75,33.37,2,one_year,cash,west,0,,15,0
100630,54,58.68,56.47,1,one_year,card,north,1,126.6,0,0
100631,24,30.28,143.5,0,month_to_month,bank_transfer,north,0,49.1,10,0
100633,28,38.63,105.77,1,two_year,cash,west,0,56.8,0,1
100634,14,67.88,122.84,3,one_year,cash,west,1,54.1,10,0
100635,50,52.95,206.09,2,two_year,bank_transfer,south,1,108.2,0,0
100636,17,44.82,77.0,0,one_year,card,west,1,80.7,20,0
100637,22,55.48,105.1,1,month_to_month,crypto,east,0,66.1,20,0
100638,58,16.39,,1,two_year,cash,west,0,67.1,15,0
100643,35,56.22,,2,two_year,card,north,0,71.0,10,0
100644,56,61.43,56.29,1,month_to_month,card,south,1,61.1,15,0
100649,62,67.68,47.24,0,month_to_month,bank_transfer,east,1,134.0,0,0
100650,36,43.27,62.28,3,one_year,bank_transfer,east,0,133.0,10,0
100651,47,18.98,29.45,1,month_to_month,crypto,north,0,53.6,15,0
100652,15,28.98,107.39,1,month_to_month,card,south,1,57.1,0,0
100653,58,10.0,60.11,0,two_year,cash,west,0,53.5,0,0
100654,40,44.49,112.37,3,one_year,card,west,1,106.4,10,0
100655,39,45.17,142.67,0,one_year,card,west,1,70.0,15,0
100656,56,41.63,113.32,2,month_to_month,bank_transfer,east,0,86.0,30,0
100657,46,64.18,74.35,0,month_to_month,card,west,1,129.9,0,0
100658,6,65.98,54.43,0,month_to_month,bank_transfer,north,0,79.7,20,0
100660,13,15.98,179.79,0,month_to_month,card,east,0,93.0,10,0
100661,53,57.26,110.49,0,month_to_month,card,west,1,65.3,0,0
100662,3,56.33,76.97,0,one_year,card,north,0,106.5,0,0
100664,44,62.72,163.92,4,one_year,card,south,1,113.5,0,0
100665,51,30.53,60.91,0,two_year,card,central,0,65.3,0,0
100666,37,78.13,108.57,1,month_to_month,bank_transfer,east,1,68.1,20,0
100667,62,33.61,109.84,0,one_year,card,west,1,52.8,0,0
100668,67,59.24,201.22,1,month_to_month,bank_transfer,south,0,56.9,20,0
100669,10,22.69,76.31,0,month_to_month,bank_transfer,south,0,69.3,5,0
100670,69,34.05,53.16,2,one_year,card,west,0,20.0,15,0
100671,45,70.75,115.56,1,month_to_month,card,west,0,74.2,0,0
100672,46,44.09,138.36,0,month_to_month,bank_transfer,south,1,67.3,10,0
100673,7,60.6,103.45,1,two_year,cash,east,1,99.8,5,0
100674,45,51.55,208.85,1,month_to_month,card,east,1,90.6,20,0
100675,53,46.43,76.16,1,one_year,cash,east,1,62.3,0,0
100676,42,68.46,104.95,1,one_year,,east,0,68.5,0,0
100677,7,44.45,35.29,3,month_to_month,card,north,1,74.1,20,0
100678,38,21.29,51.25,2,one_year,card,north,1,117.1,0,0
100679,68,35.95,61.16,2,month_to_month,card,central,1,,10,0
100680,53,56.27,84.01,4,month_to_month,card,west,1,62.0,0,0
100682,70,24.49,131.08,2,month_to_month,card,east,1,42.9,10,0
100684,13,39.27,283.85,1,month_to_month,card,east,0,85.1,10,0
100685,58,42.52,59.06,0,month_to_month,cash,west,1,112.1,5,0
100688,33,37.07,48.42,1,month_to_month,,west,1,78.2,0,0
100689,57,59.57,84.2,0,one_year,card,north,0,73.5,0,0
100690,72,60.14,83.58,1,month_to_month,cash,east,1,47.5,0,0
100691,58,45.81,153.96,0,month_to_month,card,east,1,97.4,15,0
100692,68,42.12,118.05,0,one_year,,central,0,83.0,0,0
100693,69,50.1,130.0,0,one_year,crypto,north,0,96.3,10,0
100694,7,35.75,152.08,1,month_to_month,card,west,0,51.5,5,0
100695,19,30.8,131.19,1,one_year,card,central,0,88.8,10,0
100696,52,33.9,108.04,2,month_to_month,cash,north,0,85.1,15,0
100697,43,38.48,60.8,2,two_year,cash,central,0,,5,1
100700,38,58.95,88.06,0,month_to_month,card,west,1,131.3,5,1
100701,45,24.19,81.34,0,two_year,,south,0,52.2,0,0
100703,13,44.7,39.66,0,month_to_month,card,west,1,20.0,0,0
100704,10,53.12,,2,month_to_month,bank_transfer,north,1,96.7,0,0
100705,41,47.81,72.5,3,month_to_month,bank_transfer,north,1,33.2,0,0
100706,1,26.2,172.04,0,two_year,,south,1,66.9,5,0
100707,42,29.06,97.85,1,two_year,cash,central,1,47.2,20,0
100708,35,48.44,165.13,1,one_year,card,north,1,74.6,0,0
100710,49,14.79,70.31,4,two_year,card,east,1,33.6,0,0
100711,38,53.19,293.28,0,month_to_month,card,west,0,71.0,30,0
100712,53,65.84,56.07,4,month_to_month,card,east,1,67.2,15,0
100713,56,45.7,128.57,1,month_to_month,bank_transfer,north,1,119.5,0,0
100714,67,56.25,,1,month_to_month,card,east,1,90.8,10,0
100715,58,37.45,120.56,1,one_year,card,west,0,50.6,15,0
100716,38,46.21,129.49,1,month_to_month,card,east,1,68.2,15,0
100717,36,23.69,55.55,3,month_to_month,crypto,east,1,118.9,5,0
100718,17,12.83,74.64,0,one_year,bank_transfer,south,0,,10,0
100720,11,33.23,204.96,4,month_to_month,card,north,1,73.3,0,0
100721,68,41.17,129.05,1,month_to_month,,south,0,74.1,0,0
100722,61,27.2,61.2,0,month_to_month,card,north,1,66.6,0,0
100723,9,26.85,54.33,0,month_to_month,bank_transfer,central,1,37.2,0,0
100724,57,45.39,173.7,2,one_year,bank_transfer,east,1,63.1,0,0
100726,52,53.67,61.08,0,month_to_month,card,north,1,70.5,15,0
100727,7,54.79,,2,one_year,cash,east,1,77.4,0,0
100728,36,52.81,142.86,1,month_to_month,card,north,1,83.5,0,0
100730,53,71.67,81.64,1,month_to_month,card,central,1,80.2,5,0
100731,31,31.99,164.38,1,two_year,card,south,1,107.3,0,0
100732,67,47.18,114.79,2,month_to_month,card,central,1,65.0,15,0
100733,56,64.99,45.17,0,one_year,bank_transfer,central,1,73.5,0,0
100734,15,66.97,196.78,1,one_year,cash,east,1,80.3,0,0
100735,49,26.67,46.72,2,one_year,card,central,0,60.6,10,0
100736,53,43.31,85.23,1,one_year,,west,1,74.9,10,0
100737,25,68.37,81.78,3,month_to_month,crypto,south,1,102.2,0,0
100738,54,55.62,73.23,1,month_to_month,card,south,0,60.0,10,0
100739,65,50.93,22.7,4,two_year,bank_transfer,west,0,80.0,20,0
100740,59,44.73,260.03,1,two_year,crypto,north,1,97.7,0,0
100741,55,42.24,25.18,2,month_to_month,bank_transfer,north,1,59.4,10,0
100743,20,44.21,53.13,0,one_year,cash,east,1,81.8,5,0
100744,58,47.36,64.86,1,one_year,bank_transfer,west,0,75.9,5,0
100745,27,49.18,192.61,2,two_year,card,south,0,29.8,0,0
100746,39,37.83,121.9,0,one_year,card,north,1,70.7,0,0
100750,70,52.86,46.18,2,month_to_month,card,south,1,108.2,0,0
100752,7,56.66,132.51,1,one_year,bank_transfer,west,0,76.8,5,0
100753,68,48.7,56.85,2,month_to_month,card,east,0,110.5,0,0
100754,40,59.43,67.07,1,one_year,card,north,0,57.8,10,0
100755,32,65.63,113.93,1,month_to_month,card,west,0,104.1,15,0
100756,54,50.89,55.24,0,month_to_month,card,central,0,98.3,5,0
100757,28,64.98,97.93,1,one_year,bank_transfer,west,0,86.9,5,0
100758,10,12.84,303.11,1,one_year,card,south,1,71.8,10,0
100759,53,71.86,,1,month_to_month,cash,south,1,55.3,10,0
100760,13,53.63,,1,month_to_month,card,central,1,124.4,5,0
100761,40,64.17,274.7,0,one_year,card,central,0,95.8,15,0
100762,69,29.7,148.63,3,month_to_month,cash,east,0,88.5,0,0
100764,26,50.19,52.96,3,month_to_month,card,central,0,80.9,10,0
100765,57,47.74,27.49,0,two_year,card,east,0,84.1,30,0
100767,35,64.27,19.56,2,month_to_month,card,north,1,98.4,0,0
100768,11,21.52,274.51,1,month_to_month,cash,east,1,60.4,0,0
100770,47,48.12,153.82,1,two_year,cash,south,1,82.1,5,0
100771,72,44.94,75.04,2,month_to_month,bank_transfer,north,0,36.3,0,0
100772,1,25.93,111.59,2,month_to_month,bank_transfer,west,1,71.9,0,0
100773,52,55.55,85.93,4,month_to_month,bank_transfer,west,1,67.3,20,0
100774,61,11.79,96.28,1,one_year,card,south,1,92.3,5,0
100777,9,48.8,220.22,0,month_to_month,card,central,0,136.9,0,1
100778,20,46.21,432.9,0,one_year,bank_transfer,north,1,74.2,0,0
100780,64,45.32,117.93,1,month_to_month,card,east,1,44.6,5,0
100781,46,37.59,60.11,1,month_to_month,card,east,1,104.9,0,0
100782,9,40.4,176.79,0,two_year,card,north,0,81.0,0,0
100783,9,67.09,48.48,1,month_to_month,card,west,0,78.5,0,0
100784,35,56.04,182.7,1,one_year,card,east,0,31.6,0,0
100785,43,42.22,105.51,4,two_year,card,south,0,81.8,0,0
100786,3,44.45,,0,month_to_month,card,west,1,101.1,0,0
100787,50,24.49,95.12,0,two_year,bank_transfer,central,0,74.1,0,0
100788,40,53.83,42.8,1,month_to_month,card,east,1,109.4,10,0
100789,1,21.6,,1,one_year,,west,0,108.3,20,0
100790,7,59.28,106.61,0,month_to_month,cash,east,0,64.0,10,0
100792,53,83.8,61.87,2,month_to_month,card,north,0,81.1,30,0
100793,60,31.5,78.85,2,month_to_month,card,north,0,81.2,30,0
100796,70,65.87,25.09,1,one_year,bank_transfer,south,0,20.0,10,0
100798,23,51.36,,2,month_to_month,,south,1,45.9,15,0
100799,32,48.03,69.12,1,month_to_month,bank_transfer,central,0,120.7,10,0
100801,22,37.52,54.7,3,month_to_month,cash,south,0,101.3,30,0
100802,38,46.66,176.39,0,month_to_month,cash,north,0,74.0,0,0
100803,67,24.03,37.9,1,one_year,card,east,1,54.8,0,0
100806,40,44.59,144.33,1,month_to_month,card,south,1,62.7,0,0
100807,8,23.77,73.34,1,two_year,card,west,0,21.1,0,0
100808,29,62.83,199.19,1,one_year,bank_transfer,west,1,105.8,0,0
100809,72,53.47,146.76,3,one_year,card,north,1,117.5,0,0
100810,4,37.11,71.79,1,month_to_month,card,north,1,121.5,5,0
100811,64,43.79,58.18,0,month_to_month,bank_transfer,west,0,106.0,0,0
100812,50,25.49,86.08,2,month_to_month,card,east,1,110.0,5,0
100813,21,32.62,,1,month_to_month,card,central,0,81.3,0,0
100814,57,39.93,52.08,1,one_year,crypto,south,0,28.1,20,0
100816,4,38.41,79.17,0,month_to_month,card,central,1,95.5,30,0
100817,8,57.6,225.79,1,month_to_month,bank_transfer,central,1,76.6,0,0
100818,48,39.93,70.22,2,month_to_month,card,north,0,75.5,0,0
100819,72,51.72,57.84,0,month_to_month,bank_transfer,central,1,55.9,15,0
100820,2,45.88,93.92,3,month_to_month,bank_transfer,west,0,55.0,15,0
100822,10,39.98,,0,month_to_month,card,south,0,126.9,10,0
100823,47,24.41,113.25,4,one_year,cash,west,0,79.9,10,0
100824,45,27.27,95.84,0,two_year,cash,west,0,87.0,0,0
100825,7,40.02,91.7,0,two_year,card,west,0,55.5,5,0
100826,50,29.26,132.94,1,one_year,card,central,0,96.1,0,0
100827,65,54.15,48.97,1,month_to_month,card,east,1,124.0,0,0
100828,63,41.01,58.11,3,one_year,cash,west,1,41.8,20,0
100829,3,83.62,31.29,1,two_year,cash,central,1,91.6,5,0
100830,18,21.93,49.51,2,month_to_month,card,west,0,93.5,15,0
100832,33,31.08,129.74,5,one_year,card,west,0,121.1,30,0
100833,11,40.6,242.61,1,month_to_month,card,north,1,130.9,5,0
100834,62,50.12,210.79,1,one_year,bank_transfer,central,0,74.2,5,0
100836,59,51.55,102.27,1,month_to_month,bank_transfer,east,0,82.1,10,0
100837,15,76.54,95.0,2,one_year,card,east,1,64.2,5,0
100838,2,41.2,18.58,1,one_year,bank_transfer,north,0,86.8,10,0
100839,66,51.9,88.77,1,one_year,cash,central,0,96.8,0,0
100841,48,45.54,51.0,0,two_year,card,south,1,58.0,20,0
100842,66,39.29,118.59,2,month_to_month,bank_transfer,west,1,68.4,15,0
100843,3,13.86,82.38,0,two_year,card,west,1,68.6,0,0
100844,1,57.61,98.51,3,month_to_month,bank_transfer,south,1,58.9,10,0
100845,1,46.3,46.07,1,month_to_month,bank_transfer,north,1,87.8,5,0
100846,12,32.81,150.36,1,one_year,card,west,1,90.5,15,0
100847,4,49.9,70.0,0,month_to_month,cash,east,1,104.5,0,0
100848,60,39.24,114.96,1,two_year,card,east,0,58.6,5,0
100849,44,40.07,73.76,1,month_to_month,card,west,1,65.6,0,0
100850,71,57.09,15.84,2,month_to_month,card,north,1,118.9,0,0
100851,58,27.92,121.37,2,month_to_month,bank_transfer,north,0,75.9,15,0
100852,70,63.71,85.71,2,one_year,cash,central,1,80.8,0,0
100853,18,27.03,29.69,0,one_year,card,north,0,75.6,0,0
100855,62,76.84,,3,month_to_month,card,south,0,109.3,0,1
100857,5,49.46,68.85,1,month_to_month,card,west,1,80.7,0,0
100858,49,33.89,254.45,2,one_year,card,south,0,58.2,10,0
100859,58,40.06,123.19,3,one_year,card,south,0,128.1,20,0
100861,67,48.56,78.06,1,month_to_month,bank_transfer,south,0,68.6,15,0
100862,9,46.64,27.76,1,one_year,card,west,0,115.6,0,0
100864,61,44.78,44.37,1,month_to_month,card,west,1,115.3,0,0
100865,51,26.37,41.43,0,one_year,card,west,1,117.0,0,0
100866,60,40.25,97.16,2,month_to_month,card,east,1,57.0,0,0
100867,61,61.72,46.54,2,month_to_month,card,west,1,94.5,0,0
100868,33,27.47,90.59,0,month_to_month,card,east,0,99.6,15,0
100869,3,45.16,59.38,0,one_year,card,east,1,145.4,5,0
100872,9,42.17,,2,month_to_month,card,east,0,80.4,10,1
100873,9,70.16,201.08,0,month_to_month,card,east,0,49.0,0,0
100874,51,55.6,142.82,1,one_year,bank_transfer,central,0,77.0,5,0
100875,37,28.32,84.23,0,month_to_month,card,west,0,80.1,0,0
100876,39,58.07,183.3,2,month_to_month,card,east,0,53.5,20,0
100879,46,52.71,33.38,0,month_to_month,cash,north,0,86.0,10,0
100881,62,61.39,103.43,0,month_to_month,cash,west,1,76.3,5,0
100882,33,36.38,82.96,1,month_to_month,cash,south,0,79.9,0,0
100884,59,38.15,126.94,1,month_to_month,card,east,0,107.7,15,0
100885,53,39.52,104.04,1,one_year,bank_transfer,north,0,86.8,0,0
100886,4,64.49,150.66,1,month_to_month,card,west,1,44.9,5,0
100887,14,57.43,148.33,2,two_year,card,east,0,65.9,0,0
100888,2,73.65,48.42,1,month_to_month,cash,north,0,84.2,20,0
100889,20,82.01,16.34,1,month_to_month,bank_transfer,east,0,108.1,0,1
100890,8,32.54,46.32,2,month_to_month,cash,south,0,112.4,0,1
100892,38,30.36,94.44,3,month_to_month,cash,west,1,83.3,15,0
100893,71,36.34,93.72,0,one_year,bank_transfer,north,1,99.1,10,0
100894,54,38.55,79.92,4,two_year,bank_transfer,central,1,43.6,0,0
100895,45,32.14,118.52,3,one_year,cash,south,1,90.7,0,0
100898,6,29.75,105.99,3,month_to_month,bank_transfer,east,1,155.7,0,0
100899,45,60.63,90.32,0,month_to_month,card,north,1,87.6,30,0
100900,1,34.23,62.32,0,month_to_month,cash,central,1,58.4,0,0
100901,4,90.14,127.62,3,one_year,bank_transfer,south,0,90.2,5,0
100902,16,41.23,76.47,2,month_to_month,bank_transfer,central,0,67.1,0,0
100903,64,49.08,53.99,2,one_year,card,east,0,56.0,10,0
100904,34,28.57,56.69,0,one_year,card,central,1,,15,0
100905,52,73.59,,4,month_to_month,card,south,0,106.7,0,1
100906,30,64.79,,2,month_to_month,bank_transfer,central,1,88.6,10,0
100907,13,52.45,66.81,1,one_year,bank_transfer,north,1,70.2,20,0
100908,27,27.8,117.4,1,month_to_month,card,west,0,72.2,15,0
100909,7,51.16,90.96,1,month_to_month,card,east,1,118.6,0,1
100910,56,31.18,107.07,1,month_to_month,card,south,0,87.7,5,0
100911,14,69.94,61.28,0,two_year,card,central,0,20.0,20,0
100912,28,60.14,45.25,2,month_to_month,cash,north,1,140.5,0,0
100914,43,11.45,50.63,1,month_to_month,bank_transfer,south,0,88.6,0,0
100915,34,33.25,48.15,0,month_to_month,card,north,1,107.2,15,0
100916,40,58.32,,4,two_year,card,west,1,91.6,0,0
100917,57,66.19,16.45,3,month_to_month,cash,east,1,98.7,0,0
100918,19,64.64,67.56,1,one_year,crypto,north,0,69.4,10,0
100919,46,24.12,170.15,1,one_year,card,central,1,49.3,0,0
100920,63,52.52,,1,month_to_month,bank_transfer,south,0,87.0,0,0
100921,42,63.23,218.06,2,one_year,card,south,0,115.8,5,0
100922,33,23.12,46.76,0,two_year,card,east,1,63.8,0,0
100923,11,47.88,132.4,0,one_year,crypto,south,1,61.8,30,0
100924,18,52.11,83.99,2,one_year,cash,east,0,110.5,0,0
100925,69,43.49,56.75,1,month_to_month,crypto,west,1,68.6,15,0
100926,39,20.22,159.22,0,one_year,card,south,1,69.7,5,0
100927,22,43.11,84.5,3,month_to_month,card,east,1,70.7,0,0
100930,39,39.55,112.74,3,one_year,card,south,1,66.5,0,0
100931,51,41.35,97.68,1,two_year,card,east,1,85.8,0,0
100932,19,47.4,40.59,2,one_year,card,west,1,85.6,30,0
100933,47,54.64,,0,month_to_month,bank_transfer,north,0,108.9,5,0
100934,32,43.43,201.38,1,one_year,cash,central,1,126.0,20,0
100935,68,41.86,110.92,2,two_year,card,north,0,117.8,0,0
100936,12,49.39,31.2,1,one_year,card,north,0,102.9,0,0
100937,11,19.19,115.88,2,two_year,,central,1,76.3,10,0
100938,34,55.16,111.6,1,one_year,bank_transfer,south,0,64.4,0,0
100939,37,47.99,138.63,2,two_year,card,north,0,80.4,0,1
100940,50,48.6,109.78,1,month_to_month,card,central,0,94.6,0,0
100941,30,62.41,48.26,1,month_to_month,bank_transfer,central,1,100.5,0,0
100942,66,18.71,94.55,1,one_year,card,north,0,95.6,15,0
100943,35,18.39,77.02,2,two_year,bank_transfer,north,1,77.0,0,0
100944,10,52.11,101.36,4,month_to_month,bank_transfer,west,0,99.7,30,0
100945,9,47.89,162.53,1,month_to_month,card,east,1,111.5,0,0
100946,71,50.55,59.26,0,month_to_month,bank_transfer,east,1,,0,0
100947,10,41.07,236.62,2,one_year,bank_transfer,east,0,79.2,0,0
100948,69,57.97,115.44,0,two_year,bank_transfer,west,1,59.2,5,0
100949,21,61.99,146.27,1,one_year,bank_transfer,north,1,58.6,20,0
100950,7,55.26,135.2,0,month_to_month,card,central,0,63.0,15,0
100952,45,16.38,125.01,0,two_year,card,central,0,93.0,0,0
100953,31,59.54,4.83,2,month_to_month,card,north,0,44.6,15,0
100958,70,60.91,166.66,2,month_to_month,cash,south,1,,5,0
100961,30,44.6,74.57,1,month_to_month,bank_transfer,north,1,89.8,5,0
100962,61,59.21,102.09,1,month_to_month,card,east,0,58.8,20,0
100963,16,48.86,77.46,2,month_to_month,cash,west,1,73.9,10,0
100964,69,31.24,125.34,4,month_to_month,cash,central,1,91.7,0,0
100965,43,54.22,25.83,2,one_year,cash,south,1,60.9,5,0
100966,44,56.68,83.42,0,one_year,bank_transfer,south,0,38.6,0,0
100967,23,49.32,212.5,1,month_to_month,cash,south,1,41.6,15,0
100968,67,51.29,77.58,1,two_year,bank_transfer,north,1,69.5,0,0
100969,3,44.12,115.69,1,month_to_month,cash,central,1,47.0,20,0
100970,22,70.17,152.31,2,two_year,card,north,1,71.3,10,1
100971,31,34.49,113.51,1,month_to_month,cash,central,0,121.6,10,0
100973,35,48.16,95.88,2,two_year,card,north,1,72.9,5,0
100974,11,61.18,128.95,3,two_year,crypto,east,0,133.3,10,1
100976,7,28.35,,0,one_year,cash,east,1,70.8,0,0
100977,42,17.43,70.75,0,one_year,card,central,0,76.1,10,0
100978,26,48.49,259.64,2,one_year,bank_transfer,north,0,90.7,0,0
100979,41,31.23,60.21,0,month_to_month,bank_transfer,north,1,122.4,10,0
100980,43,42.23,223.88,1,month_to_month,card,north,0,66.7,5,0
100982,40,38.38,131.34,0,one_year,bank_transfer,east,0,45.5,10,0
100983,47,51.47,90.96,2,two_year,card,south,1,82.6,5,0
100984,43,43.51,150.53,0,month_to_month,bank_transfer,south,0,44.9,5,0
100985,47,58.08,117.35,2,month_to_month,card,north,1,68.4,10,0
100986,45,55.13,145.93,0,month_to_month,cash,south,0,57.3,10,0
100987,23,37.62,45.85,3,one_year,cash,east,0,106.9,10,0
100988,18,45.47,29.41,1,month_to_month,card,west,0,67.3,0,0
100989,57,63.66,40.9,0,two_year,card,south,0,,0,0
100990,25,53.9,40.2,1,month_to_month,card,central,1,39.9,10,0
100991,40,27.05,45.48,2,month_to_month,card,west,1,83.3,0,0
100992,15,57.83,62.83,1,one_year,,north,1,49.9,0,0
100993,32,31.73,62.47,1,month_to_month,card,central,1,69.4,0,0
100994,39,69.19,92.25,1,one_year,card,south,0,135.3,0,0
100996,38,52.35,56.08,0,month_to_month,bank_transfer,north,1,76.8,0,0
100997,26,50.36,80.47,0,one_year,cash,north,1,160.0,0,1
100998,70,44.86,162.28,1,two_year,card,north,0,57.1,20,0
100999,37,58.18,70.0,1,month_to_month,card,west,0,109.1,30,0
101000,59,42.44,88.62,1,month_to_month,card,west,1,41.7,0,0
101001,54,51.53,97.42,0,one_year,card,west,1,73.9,20,0
101002,41,61.08,49.07,1,two_year,card,north,1,46.3,0,0
101003,64,39.57,74.3,2,one_year,bank_transfer,west,0,86.4,15,0
101004,10,38.76,58.99,0,one_year,card,north,1,81.4,0,0
101005,67,30.08,153.66,1,month_to_month,card,west,1,72.3,0,0
101006,62,32.03,146.56,0,one_year,bank_transfer,west,1,107.3,0,0
101007,37,20.57,55.19,1,two_year,bank_transfer,east,1,65.8,10,0
101008,53,58.95,87.61,1,two_year,card,west,1,88.2,0,1
101009,38,75.13,129.01,0,one_year,card,central,1,100.5,5,0
101010,20,69.38,109.98,2,one_year,bank_transfer,east,0,42.9,10,0
101011,58,23.61,,1,two_year,card,central,0,61.3,0,0
101013,23,69.33,219.32,2,month_to_month,cash,north,1,95.8,0,0
101015,61,49.52,60.93,3,month_to_month,card,south,1,74.6,0,0
101018,3,32.05,171.99,0,one_year,card,central,0,88.2,5,0
101019,9,50.99,109.33,1,one_year,card,east,0,72.6,10,0
101022,63,63.37,169.59,0,month_to_month,bank_transfer,south,0,93.8,15,0
101023,61,36.25,146.38,0,month_to_month,cash,west,0,65.9,0,0
101024,60,30.95,23.34,2,two_year,bank_transfer,north,0,60.7,10,0
101026,6,44.0,119.6,0,one_year,cash,east,0,20.0,0,0
101027,21,39.28,54.4,0,one_year,bank_transfer,east,0,64.9,10,0
101029,25,54.8,172.19,1,one_year,bank_transfer,east,0,110.1,5,0
101030,36,41.25,63.8,1,one_year,card,south,0,69.0,30,0
101031,13,31.86,152.3,0,one_year,card,west,1,,0,0
101032,53,39.68,110.74,0,month_to_month,,east,1,78.8,5,0
101033,23,64.07,7.93,1,month_to_month,card,east,1,65.1,0,0
101034,5,57.04,90.46,0,month_to_month,card,north,1,69.9,0,0
101035,54,46.05,108.18,2,month_to_month,bank_transfer,north,1,82.4,30,0
101036,66,57.29,,0,one_year,card,east,1,69.4,0,0
101037,2,30.59,113.16,0,month_to_month,card,central,1,69.3,30,1
101039,60,50.21,289.04,1,month_to_month,bank_transfer,west,1,51.2,20,0
101040,51,40.95,72.85,2,one_year,cash,west,1,81.5,30,0
101041,62,54.53,55.43,4,month_to_month,card,east,1,87.7,5,0
101042,30,36.29,147.96,0,month_to_month,bank_transfer,south,1,44.3,30,0
101043,27,55.65,78.7,1,month_to_month,card,west,1,99.0,15,0
101046,18,65.85,143.34,1,one_year,card,central,1,,0,0
101047,44,10.0,45.24,2,one_year,card,east,1,95.9,0,0
101048,49,38.76,152.13,1,two_year,bank_transfer,north,0,134.6,0,0
101049,9,63.38,125.29,2,one_year,,east,1,72.5,5,0
101050,37,43.24,237.04,3,one_year,crypto,east,1,53.9,0,0
101052,37,31.59,47.52,2,month_to_month,card,east,1,123.9,10,0
101053,70,63.4,103.95,0,one_year,card,west,1,124.2,10,0
101054,6,19.18,111.62,0,month_to_month,card,central,0,56.9,20,0
101055,72,64.93,180.59,0,one_year,card,north,0,61.8,30,0
101057,56,30.11,31.22,1,month_to_month,card,central,1,110.6,10,0
101058,31,39.25,105.24,0,one_year,card,central,1,47.8,0,0
101061,50,58.99,140.45,0,month_to_month,card,south,1,87.8,0,0
101062,11,22.21,36.82,0,one_year,bank_transfer,east,1,91.4,0,0
101063,51,41.95,95.15,4,month_to_month,card,west,1,74.9,10,0
101065,28,67.4,112.4,1,two_year,card,west,1,42.1,0,0
101066,67,27.75,,1,two_year,bank_transfer,north,1,59.0,15,0
101067,47,72.06,94.02,1,month_to_month,bank_transfer,south,1,82.6,0,0
101068,25,47.5,,2,month_to_month,card,west,1,23.2,0,0
101069,1,30.57,4.54,3,month_to_month,card,north,0,72.4,0,0
101070,49,37.84,,2,two_year,card,west,1,70.9,0,0
101072,55,28.88,150.53,0,month_to_month,card,central,0,66.2,0,0
101073,38,49.42,71.04,1,month_to_month,card,west,0,55.1,0,0
101074,34,29.58,118.69,0,one_year,bank_transfer,central,0,34.4,0,0
101075,12,15.29,92.52,0,month_to_month,cash,east,0,83.6,15,0
101077,12,20.96,258.06,2,month_to_month,bank_transfer,central,1,45.6,10,0
101078,31,36.72,64.47,6,one_year,crypto,south,1,81.6,10,0
101079,61,34.36,97.23,1,one_year,cash,north,0,72.6,20,0
101080,67,34.93,92.34,4,month_to_month,card,central,0,68.5,0,0
101081,72,78.01,103.69,1,month_to_month,card,south,1,26.1,0,0
101083,41,51.68,130.61,1,one_year,cash,south,0,49.2,0,0
101084,15,21.35,,1,month_to_month,card,north,0,81.6,5,0
101085,61,38.19,205.06,1,one_year,card,west,1,59.8,5,0
101087,72,32.63,69.78,2,one_year,bank_transfer,west,0,108.8,5,0
101088,47,61.62,187.62,1,one_year,bank_transfer,west,0,93.3,0,1
101089,11,29.96,36.52,0,month_to_month,bank_transfer,central,0,108.3,0,0
101090,37,43.7,43.95,0,month_to_month,bank_transfer,south,0,88.3,20,0
101091,33,39.21,28.13,2,one_year,cash,north,1,89.9,10,0
101092,61,50.46,19.05,4,month_to_month,card,central,0,35.5,0,0
101093,29,38.39,180.13,0,one_year,cash,north,1,72.1,0,0
101094,24,43.94,,0,two_year,bank_transfer,south,1,74.4,0,0
101096,61,36.98,90.89,2,month_to_month,crypto,central,1,67.3,0,0
101097,55,55.28,154.99,0,month_to_month,cash,south,1,86.6,0,0
101098,3,51.58,57.21,0,month_to_month,cash,central,0,85.6,15,0
101099,32,46.67,76.15,2,two_year,cash,central,0,108.9,15,0
101100,35,41.54,264.89,0,two_year,card,south,1,76.7,15,0
101101,34,59.95,80.55,1,month_to_month,card,central,1,100.7,10,0
101102,67,44.46,32.12,1,two_year,card,west,1,37.4,10,0
101103,11,43.4,66.24,3,month_to_month,cash,west,1,39.6,10,0
101105,14,73.45,136.83,1,one_year,crypto,central,1,99.6,10,0
101106,18,27.89,51.9,1,month_to_month,cash,south,0,96.8,10,0
101107,66,59.55,50.79,3,one_year,bank_transfer,west,1,102.4,15,0
101108,68,19.6,278.45,0,one_year,card,south,0,63.1,5,0
101110,46,71.63,35.43,0,month_to_month,card,west,1,77.0,0,0
101111,17,55.33,45.58,2,one_year,bank_transfer,north,1,116.1,0,0
101112,14,50.56,157.78,3,month_to_month,card,west,1,122.3,0,0
101113,22,39.59,126.53,1,month_to_month,cash,central,1,99.8,0,0
101114,14,48.47,65.69,0,month_to_month,bank_transfer,east,0,88.3,0,0
101115,36,44.22,61.83,1,one_year,card,central,1,113.4,0,0
101116,72,36.21,120.9,0,month_to_month,cash,west,1,73.6,30,0
101117,43,43.65,106.86,0,month_to_month,bank_transfer,north,1,70.2,0,0
101118,53,50.98,83.85,2,month_to_month,bank_transfer,central,1,76.8,0,1
101119,36,36.49,129.09,1,month_to_month,card,west,0,55.5,0,0
101120,2,35.91,43.45,2,one_year,card,west,1,75.6,0,1
101121,7,27.6,52.5,0,month_to_month,card,west,0,52.1,10,0
101124,61,51.47,17.74,1,one_year,cash,north,1,115.7,5,0
101125,61,62.48,,1,month_to_month,cash,central,0,39.3,0,0
101127,46,53.88,145.78,1,month_to_month,crypto,central,0,40.7,20,0
101128,41,52.56,66.98,1,two_year,card,south,1,50.0,20,0
101131,49,81.21,179.81,0,one_year,cash,north,0,85.6,15,0
101132,58,41.22,25.28,0,month_to_month,cash,east,1,73.9,20,0
101133,55,38.01,110.35,3,month_to_month,cash,north,1,60.2,0,0
101134,45,54.51,75.34,0,one_year,card,south,0,45.6,5,0
101137,27,64.84,179.74,0,two_year,bank_transfer,west,1,113.8,10,0
101138,54,46.59,207.58,3,month_to_month,card,north,1,89.9,5,0
101139,39,31.34,,2,month_to_month,card,east,1,20.0,0,0
101140,64,65.83,231.39,0,one_year,card,north,1,48.9,15,0
101141,25,57.39,72.97,1,month_to_month,bank_transfer,central,1,91.6,5,0
101142,68,29.03,108.79,2,month_to_month,bank_transfer,south,1,70.8,30,0
101144,24,57.88,116.16,1,month_to_month,card,south,0,52.4,20,0
101145,35,47.85,79.02,1,month_to_month,bank_transfer,north,0,103.7,15,1
101146,39,71.85,,1,month_to_month,bank_transfer,west,1,91.4,0,0
101148,50,47.58,91.9,1,one_year,card,west,1,64.2,20,0
101149,62,38.1,173.96,3,two_year,cash,east,0,84.4,0,0
101150,27,56.73,88.98,1,month_to_month,bank_transfer,east,1,46.6,0,0
101151,37,55.15,173.36,0,month_to_month,card,central,1,76.8,10,0
101155,43,46.95,108.65,2,one_year,card,south,0,139.4,0,1
101156,9,28.0,60.91,2,one_year,cash,central,1,35.0,10,0
101157,62,25.92,71.83,1,month_to_month,card,east,1,48.9,0,0
101159,25,10.0,83.52,0,one_year,bank_transfer,central,0,124.2,0,0
101160,42,51.08,162.04,1,two_year,card,west,0,85.1,10,0
101161,36,40.83,70.08,4,month_to_month,bank_transfer,north,1,97.6,0,0
101163,39,40.6,173.68,1,one_year,card,central,1,67.2,15,0
101164,38,57.89,131.03,0,month_to_month,card,central,1,82.1,0,0
101165,8,42.05,25.71,1,one_year,crypto,east,0,63.5,10,0
101166,2,49.71,32.89,2,one_year,bank_transfer,east,1,98.1,0,1
101167,29,59.05,117.44,2,month_to_month,,central,1,39.8,0,0
101168,72,41.06,67.82,0,month_to_month,card,central,1,102.2,0,0
101169,67,62.95,29.54,3,month_to_month,bank_transfer,north,0,81.0,20,0
101170,46,33.09,64.67,2,one_year,card,central,0,74.6,0,0
101172,29,61.84,75.06,2,month_to_month,card,east,1,55.5,5,0
101173,13,57.9,96.21,0,month_to_month,bank_transfer,east,1,110.0,0,0
101174,1,76.75,,2,one_year,card,south,0,74.8,15,0
101175,25,36.55,58.91,2,one_year,card,east,1,87.0,30,0
101176,23,27.31,107.4,2,month_to_month,bank_transfer,south,1,58.0,5,0
101177,14,33.08,27.19,0,month_to_month,card,east,1,79.3,5,0
101178,19,57.91,54.06,0,month_to_month,card,south,1,45.7,0,0
101179,2,55.47,145.46,0,month_to_month,cash,east,0,82.5,30,0
101181,67,31.16,93.3,1,month_to_month,bank_transfer,east,1,88.0,0,0
101182,50,59.5,71.36,0,one_year,cash,west,0,,30,0
101185,23,90.86,170.82,5,month_to_month,bank_transfer,central,1,74.7,0,0
101187,44,56.75,83.94,4,month_to_month,card,south,0,,15,1
101188,41,40.61,,0,two_year,bank_transfer,west,0,56.2,5,0
101189,1,20.85,148.53,1,one_year,cash,central,0,107.0,0,0
101190,30,38.96,90.35,2,one_year,card,north,0,51.1,0,0
101191,21,31.61,31.97,0,one_year,card,south,1,96.4,0,0
101192,13,26.29,55.83,1,month_to_month,bank_transfer,west,1,97.7,0,0
101193,51,73.84,42.7,2,one_year,card,south,1,67.2,15,0
101195,46,53.7,23.44,1,month_to_month,card,central,1,30.7,0,0
101196,52,43.36,195.8,1,two_year,card,west,1,64.6,15,0
101197,71,45.41,46.71,0,two_year,bank_transfer,east,1,93.2,0,0
101198,58,62.47,93.16,0,two_year,crypto,central,0,53.1,0,0
101199,45,47.51,119.4,0,one_year,card,east,0,82.4,20,0
101200,64,55.96,170.96,0,month_to_month,cash,central,1,,0,0
101201,35,45.06,95.13,2,one_year,card,south,1,74.2,20,0
101202,71,42.87,78.6,2,month_to_month,card,east,0,51.3,0,0
101203,55,26.9,,0,one_year,card,west,1,78.1,0,0
101204,47,18.33,45.32,0,month_to_month,card,central,0,67.5,10,0
101205,66,44.08,47.91,1,two_year,bank_transfer,north,1,50.2,0,0
101206,38,48.85,77.45,1,month_to_month,card,east,0,63.5,5,0
101208,21,47.48,59.74,2,month_to_month,card,east,0,47.2,5,1
101209,70,48.81,68.58,1,one_year,cash,central,1,107.1,0,0
101210,45,15.66,251.01,2,month_to_month,cash,central,1,71.0,15,0
101211,57,34.27,183.55,2,month_to_month,card,south,0,24.9,10,0
101212,34,54.11,119.15,1,month_to_month,card,east,1,64.4,5,0
101213,63,53.81,150.66,1,month_to_month,crypto,north,0,102.9,0,0
101214,6,30.69,47.63,2,two_year,card,west,1,61.0,5,0
101216,37,63.34,140.1,2,month_to_month,bank_transfer,central,0,58.6,0,0
101217,53,59.66,47.93,1,month_to_month,cash,north,1,92.6,10,0
101219,32,40.98,111.85,2,month_to_month,card,south,1,91.3,0,0
101220,47,38.56,35.78,0,month_to_month,card,north,1,45.6,10,0
101221,40,55.02,125.57,2,month_to_month,card,south,0,56.4,0,0
101222,70,50.93,169.3,1,month_to_month,card,west,1,,0,0
101223,48,57.44,48.99,2,month_to_month,crypto,north,1,59.9,10,0
101225,70,60.28,166.48,1,month_to_month,card,east,1,69.2,0,0
101226,8,49.42,95.44,1,one_year,card,south,0,83.5,0,0
101227,71,59.77,154.0,0,one_year,card,east,1,45.3,5,0
101228,12,61.06,79.24,1,two_year,card,east,1,64.8,10,0
101229,21,35.93,83.0,2,month_to_month,card,east,1,58.1,5,0
101230,60,20.88,93.94,2,one_year,,east,1,85.6,10,0
101231,53,71.15,222.61,0,two_year,cash,east,1,,15,0
101232,70,51.85,147.19,1,two_year,card,south,1,91.6,20,0
101233,54,22.28,58.44,3,one_year,bank_transfer,south,0,67.7,0,0
101234,46,37.29,103.47,1,month_to_month,card,north,0,56.7,0,0
101235,25,59.58,75.81,0,two_year,card,south,1,84.6,0,0
101236,1,43.8,67.09,0,one_year,cash,east,1,54.3,0,0
101237,9,40.32,123.53,1,month_to_month,cash,east,1,107.0,0,0
101239,3,32.29,49.38,0,two_year,card,north,1,71.8,0,0
101240,37,36.03,94.08,3,month_to_month,card,east,0,91.6,0,0
101242,70,53.86,119.02,1,month_to_month,bank_transfer,north,1,38.5,30,0
101243,36,55.45,63.89,2,one_year,card,central,1,53.5,0,0
101244,64,61.67,83.31,4,month_to_month,cash,north,0,106.4,15,0
101245,71,50.98,68.28,1,one_year,bank_transfer,east,0,82.1,15,0
101246,62,55.34,26.43,1,month_to_month,card,north,1,38.0,0,0
101247,34,44.11,216.42,1,two_year,cash,central,0,88.8,10,0
101249,71,49.61,220.65,0,month_to_month,card,west,0,58.1,0,0
101251,30,59.59,136.47,2,month_to_month,cash,central,0,105.0,0,1
101252,6,56.33,61.01,0,two_year,cash,south,1,30.9,10,0
101253,58,48.66,62.01,2,month_to_month,card,north,1,59.1,15,0
101255,7,49.02,219.54,2,one_year,cash,north,0,119.5,5,0
101258,39,81.1,164.31,0,one_year,card,north,0,118.2,10,0
101259,58,40.14,141.31,4,month_to_month,cash,north,1,46.1,0,0
101260,20,54.33,70.76,2,one_year,card,north,0,86.6,15,0
101261,67,64.03,267.49,1,one_year,card,east,1,92.2,0,1
101262,33,49.47,273.99,4,month_to_month,bank_transfer,east,1,58.0,15,0
101263,60,83.07,25.01,0,one_year,card,central,1,97.4,0,0
101265,3,52.86,89.93,1,month_to_month,card,north,0,97.4,15,0
101268,69,51.73,93.24,0,month_to_month,cash,south,1,69.7,20,0
101269,4,60.69,45.45,1,one_year,card,north,1,108.7,0,0
101270,27,52.79,125.72,1,month_to_month,card,north,1,78.9,0,0
101271,8,66.89,129.86,2,month_to_month,cash,west,0,111.2,0,0
101272,68,46.58,157.78,1,month_to_month,,south,0,92.7,10,0
101273,49,43.02,41.1,2,one_year,card,north,0,76.8,10,0
101274,55,88.56,81.33,2,one_year,card,west,1,99.7,15,0
101276,48,37.21,40.56,2,month_to_month,crypto,central,0,91.8,0,0
101277,56,37.59,80.54,2,two_year,card,south,1,22.7,0,0
101278,1,33.86,47.03,2,month_to_month,cash,south,0,55.4,0,1
101279,63,62.05,35.91,3,month_to_month,card,south,0,114.6,10,0
101280,54,42.53,142.36,0,month_to_month,bank_transfer,north,1,48.6,0,0
101281,54,49.91,70.52,1,one_year,card,west,1,102.1,10,0
101283,58,58.97,179.78,3,one_year,cash,central,0,61.9,15,0
101284,28,35.3,132.11,1,one_year,card,west,0,30.1,0,0
101285,4,31.87,,2,month_to_month,cash,west,0,65.8,0,0
101286,66,51.36,117.58,0,one_year,card,north,1,132.0,20,0
101287,17,57.01,117.26,2,month_to_month,card,south,0,58.4,10,0
101288,8,52.99,78.47,0,month_to_month,cash,central,0,60.1,5,0
101289,45,35.86,76.63,0,one_year,bank_transfer,north,0,,10,0
101290,17,58.16,28.85,1,month_to_month,card,north,1,110.4,20,0
101292,32,40.18,80.35,1,one_year,card,central,1,64.4,20,0
101293,1,33.84,113.87,0,month_to_month,cash,north,1,115.3,0,0
101295,38,57.5,58.82,3,month_to_month,card,west,0,57.0,0,0
101296,19,57.07,148.66,1,month_to_month,card,west,1,49.4,0,0
101298,39,90.19,80.77,1,two_year,cash,north,1,80.4,15,0
101299,3,22.36,113.16,2,month_to_month,cash,north,0,41.3,30,0
101301,29,38.76,,1,month_to_month,card,north,0,52.1,0,1
101302,51,35.24,145.79,0,month_to_month,card,central,0,49.0,0,0
101303,65,31.84,124.04,2,month_to_month,cash,west,0,28.8,0,0
101304,44,43.51,31.52,1,one_year,card,central,0,52.5,15,0
101305,49,29.75,126.54,0,two_year,bank_transfer,central,1,57.0,0,0
101307,18,48.78,47.61,1,month_to_month,crypto,east,1,122.3,20,0
101308,30,55.22,30.98,2,month_to_month,card,east,1,73.3,0,0
101309,62,55.62,142.39,2,month_to_month,card,central,0,75.8,5,0
101310,38,57.05,152.61,0,month_to_month,cash,north,0,92.7,30,0
101311,26,42.4,62.22,0,one_year,cash,north,0,74.1,20,0
101312,57,79.82,60.42,1,month_to_month,bank_transfer,east,1,90.0,10,1
101313,62,51.52,100.56,2,one_year,bank_transfer,south,1,87.0,0,0
101314,65,20.06,70.37,2,month_to_month,bank_transfer,north,1,83.1,0,0
101315,22,32.96,30.47,2,one_year,card,east,0,149.2,15,0
101316,52,21.89,47.24,2,two_year,card,east,0,,0,0
101317,43,48.26,111.45,3,one_year,bank_transfer,east,0,53.0,10,0
101318,33,46.17,49.07,0,two_year,bank_transfer,central,1,89.3,10,0
101319,29,40.97,156.99,1,one_year,card,east,0,60.2,5,0
101320,9,78.16,123.56,2,one_year,card,north,1,91.2,0,0
101322,40,58.89,99.31,0,month_to_month,card,west,1,52.3,20,0
101323,64,34.03,57.09,3,two_year,bank_transfer,south,1,88.6,0,0
101324,63,33.01,133.41,1,month_to_month,,east,0,104.9,0,0
101325,14,48.55,56.03,1,two_year,card,north,0,92.6,30,0
101326,49,50.6,,1,month_to_month,card,west,1,101.4,10,0
101328,49,45.3,101.24,3,month_to_month,card,central,0,84.3,15,0
101329,25,48.21,,0,two_year,bank_transfer,north,0,67.4,0,0
101330,33,44.77,47.69,2,month_to_month,bank_transfer,central,0,100.3,30,0
101331,52,35.8,124.37,0,month_to_month,cash,south,1,105.6,20,0
101333,59,45.35,143.78,3,month_to_month,bank_transfer,north,1,77.1,0,0
101334,39,49.36,20.74,2,month_to_month,card,east,1,119.8,0,0
101335,72,57.07,138.93,2,two_year,cash,central,1,79.5,10,0
101336,46,64.21,60.68,0,one_year,card,south,1,81.9,10,0
101338,56,41.16,,1,one_year,card,south,1,77.6,30,0
101339,30,54.56,126.78,3,month_to_month,card,central,1,59.5,5,0
101340,39,57.16,117.29,3,month_to_month,crypto,central,0,,15,0
101341,10,41.49,111.79,0,one_year,card,west,1,79.0,10,0
101342,9,59.86,171.59,1,month_to_month,card,east,1,126.1,5,0
101343,42,62.69,146.6,2,month_to_month,bank_transfer,north,1,99.7,0,1
101344,14,67.38,112.52,2,month_to_month,card,west,0,65.1,10,0
101345,72,74.67,104.5,1,two_year,card,central,0,98.2,10,0
101346,62,35.0,100.44,1,one_year,card,central,1,87.7,0,0
101347,51,48.21,88.81,2,month_to_month,card,west,0,112.7,15,0
101348,53,48.17,40.62,2,two_year,cash,east,0,66.9,5,0
101350,5,38.26,64.63,1,month_to_month,card,north,1,77.5,15,0
101351,29,25.72,,1,two_year,card,west,1,81.5,0,0
101352,36,49.39,152.26,0,month_to_month,cash,east,1,,10,0
101353,66,36.47,90.08,2,month_to_month,cash,south,1,94.4,10,0
101355,36,36.09,,0,month_to_month,bank_transfer,north,0,112.1,5,0
101356,25,31.51,76.02,0,one_year,card,south,1,79.7,0,0
101357,10,51.51,260.07,0,one_year,card,east,1,69.7,0,0
101358,8,50.26,240.21,3,two_year,cash,west,0,99.7,10,1
101359,27,56.69,236.71,0,month_to_month,cash,south,0,60.1,0,1
101360,6,80.79,112.01,0,month_to_month,card,north,1,,30,0
101361,5,52.16,62.02,1,month_to_month,cash,south,0,107.1,0,1
101362,26,55.28,154.59,0,month_to_month,bank_transfer,south,1,111.4,0,0
101364,40,28.7,162.33,1,one_year,bank_transfer,central,1,67.8,5,0
101365,2,71.74,60.16,0,one_year,card,north,1,82.7,10,0
101366,22,34.15,116.74,0,one_year,cash,central,0,89.5,10,0
101368,70,47.41,79.04,1,month_to_month,card,west,0,113.3,0,0
101370,64,34.46,33.35,3,one_year,cash,central,0,57.7,30,0
101373,31,35.91,120.63,0,one_year,bank_transfer,west,1,52.6,10,0
101374,64,27.09,130.91,0,month_to_month,card,south,0,59.2,5,0
101375,70,62.14,24.48,0,month_to_month,card,north,0,117.2,15,0
101376,70,55.38,76.61,0,month_to_month,card,east,0,125.6,30,0
101377,55,38.69,36.29,1,month_to_month,bank_transfer,south,1,105.2,0,0
101378,37,24.27,107.5,2,month_to_month,card,central,0,113.0,10,0
101379,39,36.83,28.88,0,two_year,card,north,0,110.4,10,0
101380,71,47.18,44.03,2,one_year,card,central,1,93.9,0,0
101381,21,65.49,145.18,0,month_to_month,cash,east,0,88.2,20,0
101383,65,46.73,194.72,1,one_year,card,west,0,98.4,0,0
101384,28,58.13,132.89,0,one_year,cash,north,1,61.5,20,0
101385,17,12.28,79.31,1,two_year,cash,south,1,98.3,20,0
101386,41,63.51,,2,one_year,bank_transfer,central,1,116.5,0,0
101387,24,30.26,83.51,1,month_to_month,card,north,0,74.8,15,0
101389,66,51.7,59.42,1,month_to_month,bank_transfer,east,1,91.9,0,1
101391,39,56.26,30.97,0,two_year,card,central,1,47.1,20,0
101392,71,12.34,43.99,1,one_year,card,east,1,108.7,0,0
101393,54,36.23,49.31,3,month_to_month,card,south,0,68.7,0,0
101394,16,50.07,63.54,2,two_year,bank_transfer,south,0,80.5,10,0
101395,43,45.08,113.05,0,one_year,card,east,1,64.7,0,0
101399,22,44.79,28.44,2,month_to_month,card,east,0,50.5,10,0
101401,18,41.17,82.38,1,two_year,card,east,1,94.3,0,0
101402,22,54.25,234.16,1,month_to_month,cash,east,0,,5,0
101403,24,31.64,,0,month_to_month,bank_transfer,central,0,82.7,15,0
101404,13,57.47,22.37,0,one_year,cash,central,1,,0,0
101405,12,61.63,133.75,1,two_year,crypto,north,1,99.0,0,0
101406,25,49.9,129.0,2,month_to_month,card,central,0,79.0,0,0
101407,63,10.0,44.8,0,month_to_month,bank_transfer,south,0,91.3,0,0
101412,19,66.53,123.11,1,month_to_month,bank_transfer,east,0,94.2,0,0
101414,43,64.57,51.47,1,one_year,card,west,1,80.2,5,0
101416,46,54.88,137.15,1,month_to_month,,south,0,57.1,0,0
101417,32,53.45,94.28,0,one_year,bank_transfer,central,1,91.0,15,0
101418,62,58.46,147.51,1,month_to_month,bank_transfer,south,0,38.8,0,0
101419,35,82.16,250.46,0,two_year,card,central,0,123.8,10,1
101420,69,62.57,47.56,3,month_to_month,card,west,1,99.8,20,0
101421,72,24.29,79.53,2,month_to_month,bank_transfer,north,0,96.0,10,0
101422,43,54.7,81.97,1,month_to_month,bank_transfer,west,1,36.6,10,0
101423,49,65.12,145.68,2,month_to_month,card,central,0,60.2,20,0
101424,19,66.04,,1,month_to_month,card,north,0,114.7,20,0
101425,59,41.6,,1,one_year,card,central,0,183.8,0,0
101427,65,61.92,43.84,0,month_to_month,card,east,1,105.9,5,0
101428,20,86.59,97.64,1,month_to_month,bank_transfer,south,1,93.1,30,1
101429,57,36.75,66.96,0,month_to_month,cash,east,0,58.8,5,0
101431,14,43.41,118.27,3,month_to_month,card,central,0,52.5,5,1
101432,13,40.65,30.06,1,month_to_month,card,south,1,49.7,0,0
101433,41,34.65,71.94,0,month_to_month,card,south,1,48.2,0,0
101435,8,41.48,147.87,0,one_year,crypto,central,0,78.6,0,0
101436,31,53.54,137.72,2,month_to_month,card,north,1,82.5,10,1
101440,57,67.37,80.92,2,one_year,bank_transfer,north,0,64.5,0,0
101441,37,51.92,57.97,1,month_to_month,card,south,1,44.9,0,0
101442,68,60.4,90.87,0,two_year,card,north,1,67.4,0,0
101444,11,68.53,50.98,0,month_to_month,card,north,1,94.4,10,1
101446,68,55.44,,1,month_to_month,card,central,1,47.7,0,0
101447,70,53.49,132.17,2,month_to_month,card,east,0,72.6,0,0
101448,54,43.68,89.66,1,one_year,,north,0,126.4,0,0
101449,8,54.07,229.6,3,one_year,card,north,1,55.5,0,0
101450,22,81.52,113.98,3,month_to_month,card,north,0,90.7,0,0
101452,4,54.29,129.18,2,month_to_month,card,east,1,107.3,0,0
101453,18,66.87,83.79,1,one_year,card,south,0,87.4,20,0
101454,42,65.1,108.13,1,two_year,card,west,0,69.2,0,0
101455,5,48.18,63.99,5,month_to_month,card,central,1,81.7,0,0
101456,71,12.25,220.4,3,two_year,card,north,1,82.0,5,0
101457,33,55.75,,0,month_to_month,cash,south,0,77.7,0,0
101458,19,14.71,55.75,2,one_year,,south,1,,15,0
101460,57,50.54,86.41,0,one_year,cash,east,0,106.7,5,1
101461,23,63.0,151.98,1,month_to_month,cash,south,0,53.9,20,1
101463,4,24.71,173.51,0,month_to_month,bank_transfer,west,1,74.4,0,0
101464,62,51.91,118.46,2,one_year,card,south,0,51.1,10,0
101465,9,47.5,52.86,0,two_year,card,west,1,33.3,30,0
101466,46,40.63,117.28,1,month_to_month,cash,east,1,63.2,0,1
101468,56,89.51,65.2,1,month_to_month,cash,central,1,44.0,0,0
101469,5,60.52,64.65,1,one_year,bank_transfer,central,1,84.4,10,0
101470,65,63.74,83.03,0,one_year,card,north,1,109.1,0,0
101471,51,60.66,97.14,0,month_to_month,card,north,0,,10,0
101472,33,70.19,157.6,0,one_year,cash,central,0,76.8,0,0
101473,15,45.15,122.25,0,month_to_month,card,east,0,34.0,5,0
101474,71,17.18,82.98,1,one_year,bank_transfer,south,0,97.9,0,0
101475,22,45.17,110.83,1,month_to_month,crypto,east,1,83.7,10,0
101476,36,60.18,227.06,4,month_to_month,card,south,1,90.6,10,0
101477,29,33.45,134.38,2,one_year,card,north,0,128.4,15,0
101480,11,70.53,107.07,0,one_year,card,north,1,,10,0
101481,1,59.24,156.52,1,month_to_month,card,north,0,92.2,0,0
101483,9,57.32,144.7,2,two_year,card,west,1,49.6,10,0
101486,12,30.22,326.12,2,two_year,cash,central,1,48.8,15,0
101487,1,15.2,136.56,0,one_year,card,central,0,93.0,15,0
101488,8,50.25,68.27,1,month_to_month,cash,south,1,69.7,15,0
101489,37,52.86,118.27,0,month_to_month,cash,north,1,64.3,5,0
101490,20,66.14,160.9,2,month_to_month,,central,1,61.0,0,0
101491,36,71.57,137.4,1,one_year,bank_transfer,north,1,86.6,20,0
101492,3,71.55,19.42,3,two_year,card,north,1,81.1,10,1
101493,24,33.03,92.84,2,month_to_month,bank_transfer,west,0,85.0,5,0
101497,57,70.2,138.72,2,one_year,card,west,1,61.7,5,0
101498,34,64.79,173.92,0,month_to_month,card,north,0,70.1,20,0
101501,19,59.83,117.67,1,one_year,card,south,1,69.5,0,0
101503,24,44.42,65.38,2,one_year,card,west,1,,10,0
101504,44,46.28,20.36,1,month_to_month,card,east,0,106.8,5,0
101505,18,71.89,93.76,3,one_year,card,south,0,72.3,20,0
101506,66,42.68,116.71,0,one_year,card,west,1,74.1,0,0
101507,35,11.41,79.03,3,one_year,bank_transfer,east,0,100.4,0,0
101509,50,37.51,112.69,2,two_year,bank_transfer,south,0,115.2,20,0
101510,25,48.64,61.03,1,month_to_month,card,central,0,76.6,5,0
101511,17,46.7,65.06,1,month_to_month,bank_transfer,central,0,78.8,0,0
101512,54,43.89,94.96,0,two_year,cash,west,0,81.2,5,0
101514,18,25.01,27.33,0,two_year,card,west,1,58.8,5,0
101516,35,58.26,66.13,1,two_year,card,south,1,85.2,0,0
101517,4,38.79,73.27,0,one_year,bank_transfer,east,1,78.9,10,0
101519,34,58.03,211.19,1,one_year,cash,north,1,81.6,10,0
101521,52,47.33,239.85,2,month_to_month,bank_transfer,south,1,65.5,0,0
101523,11,58.59,136.29,1,month_to_month,card,central,1,87.2,30,0
101524,44,23.1,108.28,0,two_year,card,north,0,127.0,0,0
101525,4,52.63,62.55,1,month_to_month,bank_transfer,east,1,94.3,10,0
101526,23,34.69,78.3,0,one_year,card,east,1,116.2,5,0
101530,7,38.34,103.19,1,month_to_month,bank_transfer,east,0,61.7,15,0
101531,1,56.83,152.19,2,one_year,bank_transfer,west,1,60.1,0,0
101532,68,41.31,116.97,2,month_to_month,card,central,1,96.7,10,0
101535,3,37.54,165.98,3,one_year,cash,central,0,73.8,10,0
101536,12,35.01,102.31,0,month_to_month,cash,central,1,65.1,0,0
101538,51,52.36,102.25,1,one_year,card,north,1,52.5,10,0
101539,45,42.68,25.73,2,month_to_month,,north,0,97.2,5,0
101540,35,12.42,175.47,1,month_to_month,bank_transfer,north,1,93.1,0,0
101541,18,39.96,16.35,0,month_to_month,bank_transfer,east,1,40.5,0,0
101542,7,34.48,195.64,1,one_year,crypto,north,1,59.2,10,0
101543,41,71.64,75.41,0,month_to_month,card,east,0,63.4,5,1
101544,17,22.46,121.64,0,month_to_month,card,central,0,94.1,20,0
101545,43,26.38,24.05,0,month_to_month,bank_transfer,central,1,70.8,0,0
101547,62,68.35,130.81,1,one_year,bank_transfer,west,1,43.6,0,0
101548,36,36.83,126.37,1,month_to_month,cash,north,1,138.1,10,0
101549,1,38.52,23.2,1,month_to_month,card,central,0,81.8,0,0
101550,21,57.24,57.27,1,month_to_month,cash,north,1,,0,0
101551,62,13.09,117.32,1,one_year,cash,east,1,66.5,0,0
101552,39,20.08,172.85,1,one_year,card,north,1,63.7,10,0
101553,45,43.79,51.82,2,month_to_month,cash,north,1,127.8,0,0
101554,33,71.25,52.78,0,month_to_month,bank_transfer,central,0,32.1,15,0
101555,12,41.46,112.96,1,one_year,card,east,1,87.0,0,1
101556,65,49.51,310.11,1,month_to_month,card,north,0,49.7,5,0
101557,56,65.01,,1,one_year,card,central,0,69.9,10,0
101558,72,79.6,74.85,0,month_to_month,bank_transfer,east,1,64.0,0,0
101559,62,39.35,68.17,1,month_to_month,,west,1,55.4,0,0
101560,21,47.75,87.46,0,month_to_month,,east,0,80.9,0,0
101561,19,75.33,180.43,3,month_to_month,cash,west,0,20.0,10,0
101562,18,25.17,90.26,2,one_year,bank_transfer,south,1,72.1,30,0
101564,41,32.73,100.17,3,month_to_month,,north,1,46.0,10,0
101565,33,49.54,190.05,3,month_to_month,card,south,1,117.8,10,0
101566,70,44.36,78.31,0,month_to_month,card,west,1,65.1,10,0
101567,44,33.63,40.7,2,one_year,bank_transfer,east,0,74.1,5,0
101568,66,33.25,90.17,3,one_year,card,central,1,65.2,30,0
101569,71,52.15,127.44,1,two_year,card,south,1,78.0,5,0
101571,27,46.05,173.67,1,month_to_month,card,south,1,141.8,0,1
101572,53,49.05,70.26,1,month_to_month,card,south,1,98.6,15,0
101573,59,56.57,47.29,0,two_year,bank_transfer,south,0,107.2,30,0
101574,11,33.43,292.8,1,month_to_month,bank_transfer,west,1,,20,0
101575,23,59.1,55.65,2,month_to_month,card,west,0,86.2,0,0
101578,9,42.36,76.67,2,month_to_month,cash,north,0,83.6,10,1
101580,22,59.53,64.74,1,one_year,card,west,1,34.5,10,0
101581,16,60.29,248.63,0,one_year,bank_transfer,west,1,87.3,0,0
101582,38,39.97,130.02,0,month_to_month,card,central,1,41.4,0,0
101586,60,41.84,,1,two_year,card,central,1,79.8,15,0
101587,6,49.34,101.94,2,one_year,card,west,0,83.5,10,0
101588,63,62.94,21.62,3,two_year,cash,central,1,84.6,15,0
101589,3,38.93,160.09,2,one_year,card,north,1,57.4,15,0
101591,25,19.25,43.2,1,month_to_month,card,central,0,77.8,5,0
101593,2,28.3,,1,month_to_month,card,south,1,50.1,0,0
101595,12,30.17,91.37,1,month_to_month,bank_transfer,west,1,107.4,10,0
101596,48,37.46,,0,month_to_month,bank_transfer,central,0,104.3,10,0
101599,51,67.84,159.83,0,month_to_month,card,south,0,,15,0
101600,22,57.93,129.83,2,one_year,card,west,1,63.6,0,0
101601,54,48.24,163.7,0,one_year,bank_transfer,central,1,,20,0
101602,60,41.08,135.53,0,month_to_month,card,south,0,76.5,0,1
101603,23,41.5,53.03,0,one_year,card,south,1,95.8,5,0
101604,9,52.92,145.36,4,one_year,card,central,1,60.4,5,0
101605,65,56.76,174.56,1,two_year,cash,north,0,77.7,0,0
101606,11,34.39,180.02,1,month_to_month,card,north,0,74.5,0,1
101607,43,48.55,45.72,1,month_to_month,card,central,0,106.4,0,0
101608,18,17.53,69.09,0,one_year,cash,south,0,64.7,10,0
101609,10,51.18,62.74,1,month_to_month,bank_transfer,west,1,65.6,20,0
101611,11,43.8,122.22,1,one_year,,east,1,51.6,5,0
101612,49,75.25,103.83,2,one_year,card,east,0,93.2,20,0
101613,50,34.78,103.85,0,two_year,cash,west,1,76.6,5,0
101614,5,51.26,37.64,1,one_year,card,west,1,81.4,15,0
101615,13,47.46,67.48,2,two_year,cash,west,1,111.9,5,0
101617,37,46.29,174.14,1,month_to_month,bank_transfer,west,1,38.8,0,0
101618,9,49.61,90.45,0,one_year,card,west,0,96.2,0,0
101619,72,60.72,145.58,1,one_year,card,east,1,85.6,10,0
101620,20,68.67,116.0,2,two_year,card,south,1,68.5,15,0
101621,1,47.97,154.58,1,month_to_month,bank_transfer,north,1,88.2,0,0
101622,67,60.23,149.16,0,month_to_month,card,south,1,36.8,20,0
101623,2,37.47,94.81,2,one_year,cash,west,0,116.6,0,0
101624,40,59.49,130.28,0,month_to_month,card,east,0,92.9,5,0
101625,72,36.57,120.39,1,one_year,bank_transfer,south,0,58.4,20,0
101626,42,64.36,96.3,3,month_to_month,bank_transfer,central,1,65.4,20,0
101628,28,46.17,230.0,4,month_to_month,bank_transfer,south,0,72.2,0,1
101629,10,15.11,96.37,1,one_year,bank_transfer,north,0,67.9,0,0
101631,65,66.48,220.37,1,one_year,bank_transfer,north,1,99.4,15,0
101632,7,56.3,,1,one_year,bank_transfer,central,0,111.9,0,0
101633,64,51.73,,2,one_year,card,south,1,79.3,10,0
101635,39,55.27,121.62,1,month_to_month,card,east,0,90.9,5,0
101636,12,66.27,80.15,1,one_year,bank_transfer,central,0,79.5,0,0
101637,45,61.79,349.78,0,month_to_month,cash,south,1,52.9,5,0
101639,20,53.38,87.55,4,two_year,card,north,1,72.6,30,0
101642,33,38.98,80.06,0,two_year,bank_transfer,south,1,85.3,0,0
101643,43,73.6,28.91,2,month_to_month,bank_transfer,west,1,41.9,20,0
101644,10,51.24,42.79,1,month_to_month,bank_transfer,south,0,96.6,20,0
101645,22,60.07,108.07,2,month_to_month,bank_transfer,south,0,80.1,20,0
101646,25,49.86,22.73,2,one_year,card,east,0,143.8,5,0
101647,48,39.2,136.6,0,two_year,card,south,1,70.3,0,0
101648,71,48.16,182.28,0,one_year,card,north,0,88.1,15,0
101649,61,69.54,150.31,4,two_year,cash,east,1,150.7,0,0
101650,14,56.33,167.03,0,month_to_month,bank_transfer,north,1,84.9,0,0
101653,43,74.73,50.32,3,two_year,card,south,1,118.2,0,0
101655,17,20.99,71.84,0,month_to_month,card,east,0,90.7,10,0
101657,63,58.24,250.33,2,one_year,card,north,0,75.3,0,0
101659,19,42.43,,0,one_year,bank_transfer,west,0,113.6,0,0
101660,45,64.24,120.64,1,two_year,card,central,1,73.1,5,0
101661,44,39.87,,0,month_to_month,bank_transfer,south,1,49.6,5,0
101662,14,65.22,189.52,2,month_to_month,card,east,0,111.3,0,1
101664,38,51.67,65.13,0,month_to_month,card,north,0,88.4,0,0
101665,29,50.18,56.68,0,month_to_month,bank_transfer,central,1,101.0,20,0
101667,49,63.68,11.25,0,one_year,bank_transfer,east,0,25.1,30,0
101668,39,35.02,84.41,0,month_to_month,card,north,1,97.4,10,0
101669,53,23.67,104.06,1,month_to_month,bank_transfer,north,0,77.5,0,0
101670,55,57.22,,1,one_year,card,south,0,71.8,5,0
101671,41,57.47,48.29,2,month_to_month,card,south,0,77.3,0,0
101672,20,55.2,106.72,2,one_year,cash,south,0,39.7,30,0
101673,55,54.12,105.43,0,two_year,card,east,1,84.8,15,0
101674,52,43.19,106.8,2,month_to_month,card,west,0,45.9,5,0
101675,71,59.81,151.94,0,two_year,bank_transfer,east,1,72.9,5,0
101677,31,40.69,82.97,1,two_year,,north,0,106.9,10,0
101678,67,43.32,27.46,0,month_to_month,card,central,0,59.5,5,1
101679,38,78.31,144.11,2,month_to_month,cash,west,0,116.3,0,0
101680,68,21.98,52.01,0,one_year,cash,east,0,103.7,0,0
101681,1,55.5,165.11,1,two_year,card,north,1,69.3,10,0
101682,3,22.81,168.35,2,two_year,card,west,1,52.3,10,0
101683,58,46.38,87.96,1,month_to_month,bank_transfer,south,1,43.9,15,1
101684,26,41.5,85.2,1,month_to_month,bank_transfer,central,0,86.8,5,0
101686,31,53.84,98.51,1,one_year,,west,0,110.0,5,0
101689,7,60.59,202.19,4,month_to_month,bank_transfer,west,1,,20,0
101690,56,69.53,77.13,1,two_year,card,north,0,62.8,0,0
101694,12,67.92,35.65,1,month_to_month,card,south,1,83.0,0,0
101695,50,73.24,145.13,3,one_year,card,north,1,85.1,10,0
101697,11,33.88,149.31,0,month_to_month,bank_transfer,east,0,,0,0
101699,70,54.59,,1,month_to_month,card,central,1,102.3,15,0
101700,20,20.86,87.93,0,one_year,bank_transfer,south,1,95.1,0,0
101702,50,82.09,65.89,1,month_to_month,card,south,1,105.8,5,0
101703,15,57.6,,1,month_to_month,card,west,1,72.7,20,0
101704,67,70.1,66.62,0,one_year,card,north,0,86.2,15,0
101708,18,35.76,,2,month_to_month,card,central,1,121.2,10,0
101709,16,33.54,41.73,0,month_to_month,cash,east,0,130.4,0,0
101710,25,66.99,44.08,0,month_to_month,cash,east,1,101.8,0,0
101711,34,68.59,146.58,1,one_year,card,east,1,118.5,15,0
101712,64,33.13,97.95,1,month_to_month,bank_transfer,central,0,41.5,0,0
101713,53,62.52,267.0,2,month_to_month,card,central,0,44.5,20,0
101714,47,46.7,266.58,1,two_year,cash,east,1,72.0,0,0
101715,64,53.1,54.18,0,month_to_month,cash,east,1,81.0,20,0
101716,47,54.9,115.6,3,month_to_month,bank_transfer,central,0,75.0,5,0
101717,28,62.92,44.46,3,month_to_month,bank_transfer,east,0,38.9,15,0
101719,38,69.15,239.93,0,month_to_month,card,east,1,133.9,5,0
101720,7,52.64,106.41,1,two_year,card,north,0,112.0,10,0
101721,54,57.36,75.46,1,month_to_month,card,north,1,107.1,0,0
101722,47,35.5,122.48,0,one_year,bank_transfer,east,1,85.7,15,0
101723,53,80.38,162.21,1,two_year,card,south,0,58.9,15,0
101725,57,58.69,75.98,1,one_year,bank_transfer,west,1,132.6,0,0
101726,69,23.88,64.85,0,month_to_month,bank_transfer,south,1,71.2,5,0
101727,42,35.66,112.03,0,month_to_month,bank_transfer,south,0,68.6,0,0
101729,8,52.3,189.55,1,month_to_month,cash,south,1,109.3,0,1
101730,57,19.29,78.55,1,two_year,card,central,1,58.8,20,0
101732,51,39.84,120.73,4,month_to_month,card,south,0,67.5,20,0
101733,63,69.17,36.59,1,month_to_month,card,north,1,81.7,10,0
101734,63,46.68,68.35,2,one_year,crypto,south,1,107.6,0,1
101735,58,51.07,260.49,3,month_to_month,card,north,0,59.9,15,0
101736,37,65.68,158.38,0,month_to_month,card,west,1,107.2,10,0
101737,8,34.54,77.91,0,month_to_month,card,east,0,,30,0
101738,1,33.11,145.52,1,month_to_month,crypto,north,1,138.2,0,0
101739,15,45.05,187.82,0,two_year,cash,east,0,88.0,0,0
101740,32,60.41,85.46,1,month_to_month,card,central,0,77.6,30,0
101741,54,28.04,154.15,3,month_to_month,bank_transfer,west,0,94.4,15,0
101742,33,22.98,142.04,0,one_year,card,south,1,71.6,0,0
101743,2,60.36,44.96,0,one_year,bank_transfer,east,0,35.1,10,0
101745,71,42.12,225.5,3,two_year,card,north,1,73.6,5,0
101746,72,20.15,,1,month_to_month,bank_transfer,east,1,40.2,0,0
101747,28,37.82,159.11,0,month_to_month,cash,north,1,78.2,0,1
101748,58,47.89,66.9,3,one_year,card,east,1,28.3,0,0
101750,68,36.43,61.25,1,one_year,cash,central,0,86.1,5,0
101751,64,72.86,40.83,0,month_to_month,card,west,0,82.4,0,0
101754,46,71.06,45.82,2,one_year,card,north,0,60.4,10,0
101755,23,51.17,110.69,2,month_to_month,card,south,1,80.3,10,0
101756,26,39.72,97.54,0,two_year,card,central,0,81.5,0,0
101757,44,45.67,219.34,1,one_year,card,south,0,57.5,0,0
101758,42,68.3,137.09,0,one_year,card,north,0,86.7,15,0
101759,42,69.99,89.57,1,one_year,cash,central,1,86.5,20,0
101760,28,35.75,191.5,3,month_to_month,,north,1,75.8,30,0
101761,30,47.36,76.54,2,month_to_month,bank_transfer,north,0,140.5,30,0
101762,1,49.35,229.27,2,month_to_month,card,central,1,76.5,10,0
101763,44,33.21,55.97,1,one_year,card,east,1,73.0,20,0
101764,42,47.16,9.55,0,one_year,card,north,1,69.4,5,0
101765,68,48.08,95.43,0,month_to_month,card,central,1,55.7,15,0
101766,37,65.1,20.54,0,two_year,bank_transfer,central,1,97.1,30,0
101768,5,43.06,107.05,2,one_year,bank_transfer,central,1,65.8,0,0
101769,15,44.79,229.61,0,month_to_month,cash,west,0,66.5,0,0
101771,28,39.22,36.2,3,month_to_month,cash,central,1,36.2,0,0
101772,27,56.83,127.18,3,one_year,card,south,1,68.4,15,0
101773,29,46.68,69.63,1,one_year,card,west,1,101.8,10,0
101774,56,33.46,150.71,1,month_to_month,card,central,0,84.9,0,0
101775,10,33.65,56.75,1,month_to_month,cash,north,0,119.0,10,0
101776,24,69.71,207.06,2,one_year,bank_transfer,east,1,98.8,0,0
101777,12,45.65,101.88,2,month_to_month,,central,0,93.1,5,0
101778,23,72.61,89.78,3,one_year,bank_transfer,central,0,127.1,0,0
101779,50,40.3,199.41,1,month_to_month,card,north,1,77.6,5,0
101780,4,52.37,165.12,0,two_year,cash,west,0,81.6,10,0
101781,25,83.89,61.95,2,one_year,cash,west,0,79.7,10,0
101783,69,19.53,143.95,0,one_year,bank_transfer,east,1,80.1,0,0
101784,53,67.3,92.86,0,month_to_month,cash,central,1,63.8,10,0
101785,18,35.6,155.13,0,two_year,card,north,1,94.7,0,0
101786,15,47.69,206.55,3,one_year,cash,west,1,59.6,5,0
101787,8,39.21,94.51,1,month_to_month,crypto,east,1,93.3,10,0
101788,35,52.02,94.7,2,one_year,bank_transfer,north,0,90.3,10,0
101789,55,33.74,91.63,2,month_to_month,card,east,1,75.3,20,0
101790,43,45.3,60.34,2,two_year,card,east,1,94.1,0,0
101791,64,54.75,93.92,0,two_year,cash,east,0,42.8,15,0
101792,25,32.88,87.74,3,one_year,cash,west,1,84.1,0,0
101793,21,37.5,84.67,1,month_to_month,bank_transfer,south,1,68.4,5,0
101794,35,42.79,83.9,0,one_year,cash,central,0,151.6,15,0
101795,15,26.57,45.73,2,month_to_month,card,west,0,83.9,10,0
101797,14,49.78,,1,two_year,,east,0,45.5,15,0
101798,35,42.01,213.03,0,month_to_month,card,east,0,,0,1
101799,38,43.93,,0,month_to_month,card,central,0,71.2,30,0
